date,title,url,category,source,domain
2017-01-01,Nepse sees buying pressure mid,http://thehimalayantimes.com/business/nepse-sees-buying-pressure-mid-week/,gdelt,gdelt,thehimalayantimes.com
2017-01-01,Nepse ends 2016 on a high note,http://kathmandupost.ekantipur.com/news/2017-01-01/nepse-ends-2016-on-a-high-note.html,gdelt,gdelt,kathmandupost.ekantipur.com
2017-01-01,Nepse sees buying pressure mid,https://thehimalayantimes.com/business/nepse-sees-buying-pressure-mid-week/,gdelt,gdelt,thehimalayantimes.com
2017-01-02,Nepse can reflect real picture of economy only after real sector firms are listed,http://thehimalayantimes.com/business/nepse-can-reflect-real-picture-of-economy-only-after-real-sector-firms-are-listed/,gdelt,gdelt,thehimalayantimes.com
2017-01-02,Nepse can reflect real picture of economy only after real sector firms are listed,https://thehimalayantimes.com/business/nepse-can-reflect-real-picture-of-economy-only-after-real-sector-firms-are-listed/,gdelt,gdelt,thehimalayantimes.com
2017-01-03,Ordinary shares of Khanikhola Hydropower enlisted in NEPSE,http://www.annapurnapost.com/annanote/news/3058/Ordinary-shares-of-Khanikhola-Hydropower-enlisted-in-NEPSE,gdelt,gdelt,annapurnapost.com
2017-01-03,Ordinary shares of Khanikhola Hydropower enlisted in NEPSE,http://annapurnapost.com/annanote/news/3058/Ordinary-shares-of-Khanikhola-Hydropower-enlisted-in-NEPSE,gdelt,gdelt,annapurnapost.com
2017-01-04,Turnover on Nepse slips below Rs400m mark,http://kathmandupost.ekantipur.com/news/2017-01-04/turnover-on-nepse-slips-below-rs400m-mark.html,gdelt,gdelt,kathmandupost.ekantipur.com
2017-01-05,Shareholder scare,http://nepalitimes.com/news.php?id=6900,gdelt,gdelt,nepalitimes.com
2017-01-08,Nepse begins 2017 on a cautious note,http://kathmandupost.ekantipur.com/news/2017-01-08/nepse-begins-2017-on-a-cautious-note.html,gdelt,gdelt,kathmandupost.ekantipur.com
2017-01-08,Secondary market welcomes 2017 in positive territory,http://thehimalayantimes.com/business/secondary-market-welcomes-2017-in-positive-territory/,gdelt,gdelt,thehimalayantimes.com
2017-01-08,Secondary market welcomes 2017 in positive territory,https://thehimalayantimes.com/business/secondary-market-welcomes-2017-in-positive-territory/,gdelt,gdelt,thehimalayantimes.com
2017-01-09,"Dispute between Sebon , Nepse spreads confusion",http://kathmandupost.ekantipur.com/news/2017-01-09/dispute-between-sebon-nepse-spreads-confusion.html,gdelt,gdelt,kathmandupost.ekantipur.com
2017-01-10,Turnover dips as IPOs lure investors away,http://kathmandupost.ekantipur.com/news/2017-01-10/turnover-dips-as-ipos-lure-investors-away.html,gdelt,gdelt,kathmandupost.ekantipur.com
2017-01-14,Nepse posts Rs115b turnover in first half,http://kathmandupost.ekantipur.com/news/2017-01-14/nepse-posts-rs115b-turnover-in-first-half.html,gdelt,gdelt,kathmandupost.ekantipur.com
2017-01-14,"Nepse up , but turnover falls as investors flock to primary market",http://www.customstoday.com.pk/nepse-up-but-turnover-falls-as-investors-flock-to-primary-market/,gdelt,gdelt,customstoday.com.pk
2017-01-15,"Nepse edges up 1.77pc , turnover tepid",http://thehimalayantimes.com/business/nepse-edges-up-1-77pc-turnover-tepid/,gdelt,gdelt,thehimalayantimes.com
2017-01-15,Nepse ends week 1.76pc higher,http://kathmandupost.ekantipur.com/news/2017-01-15/nepse-ends-week-176pc-higher.html,gdelt,gdelt,kathmandupost.ekantipur.com
2017-01-15,"Nepse edges up 1.77pc , turnover tepid",https://thehimalayantimes.com/business/nepse-edges-up-1-77pc-turnover-tepid/,gdelt,gdelt,thehimalayantimes.com
2017-01-16,Vaidya medicine,http://nepalitimes.com/news.php?id=18110,gdelt,gdelt,nepalitimes.com
2017-01-18,Upcoming Further Public Offerings ( FPO ) in Nepal,https://toughnickel.com/personal-finance/upcoming-further-public-issues-FPO-in-nepal,gdelt,gdelt,toughnickel.com
2017-01-22,Weekly turnover in Nepse index below Rs 2bn for second consecutive week,http://thehimalayantimes.com/business/weekly-turnover-nepse-index-rs-2bn-second-consecutive-week/,gdelt,gdelt,thehimalayantimes.com
2017-01-22,Weekly turnover in Nepse index below Rs 2bn for second consecutive week,https://thehimalayantimes.com/business/weekly-turnover-nepse-index-rs-2bn-second-consecutive-week/,gdelt,gdelt,thehimalayantimes.com
2017-01-22,Nepse dips 17.3 points,http://kathmandupost.ekantipur.com/news/2017-01-22/nepse-dips-173-points.html,gdelt,gdelt,kathmandupost.ekantipur.com
2017-01-24,NEPSE goes down by 25 points,http://kathmandupost.ekantipur.com/news/2017-01-24/nepse-goes-down-by-25-points.html,gdelt,gdelt,kathmandupost.ekantipur.com
2017-01-24,NEPSE goes down by 25 points,http://thehimalayantimes.com/business/nepse-goes-25-points/,gdelt,gdelt,thehimalayantimes.com
2017-01-25,Rs10 m net worth mandatory for share brokers to set up branch,http://kathmandupost.ekantipur.com/news/2017-01-25/rs10-m-net-worth-mandatory-for-share-brokers-to-set-up-branch.html,gdelt,gdelt,kathmandupost.ekantipur.com
2017-01-26,Interest rates on fixed deposits skyrocket,https://thehimalayantimes.com/business/interest-rates-fixed-deposits-skyrocket/,gdelt,gdelt,thehimalayantimes.com
2017-01-29,Nepse plunges 5.97 percent,http://kathmandupost.ekantipur.com/news/2017-01-29/nepse-plunges-597-percent.html,gdelt,gdelt,kathmandupost.ekantipur.com
2017-01-29,"Nepse index plunges 5.98pc , turnover up",http://thehimalayantimes.com/business/nepse-index-plunges-5-98pc-turnover/,gdelt,gdelt,thehimalayantimes.com
2017-01-29,"Nepse index plunges 5.98pc , turnover up",https://thehimalayantimes.com/business/nepse-index-plunges-5-98pc-turnover/,gdelt,gdelt,thehimalayantimes.com
2017-01-30,Nepal share market affected as BFIs increase interest rates,http://thehimalayantimes.com/business/increase-in-interest-rates-by-banks-financial-institutions-affects-nepal-share-market/,gdelt,gdelt,thehimalayantimes.com
2017-01-30,Nepal share market affected as BFIs increase interest rates,https://thehimalayantimes.com/business/increase-in-interest-rates-by-banks-financial-institutions-affects-nepal-share-market/,gdelt,gdelt,thehimalayantimes.com
2017-01-30,NEPSE declines sharply,http://kathmandupost.ekantipur.com/news/2017-01-30/nepse-declines-sharply.html,gdelt,gdelt,kathmandupost.ekantipur.com
2017-01-31,"Shares plunge on liquidity shortage , rising interest",http://kathmandupost.ekantipur.com/news/2017-01-31/shares-plunge-on-liquidity-shortage-rising-interest.html,gdelt,gdelt,kathmandupost.ekantipur.com
2017-01-31,Nepse falls 65.44 points,http://thehimalayantimes.com/business/nepse-falls-65-44-points/,gdelt,gdelt,thehimalayantimes.com
2017-02-04,Small,http://kathmandupost.ekantipur.com/news/2017-02-04/small-volume-trading-on-weekdays-too.html,gdelt,gdelt,kathmandupost.ekantipur.com
2017-02-04,Nepse increased by 76 points this week,http://reviewnepal.com/business/nepse-increased-by-76-points-this-week.html,gdelt,gdelt,reviewnepal.com
2017-02-05,Nepse inches up 7.31 points,http://kathmandupost.ekantipur.com/news/2017-02-05/nepse-inches-up-731-points.html,gdelt,gdelt,kathmandupost.ekantipur.com
2017-02-05,Nepal Stock Exchange ( Nepse ) index snaps two weeks of losing streak,http://thehimalayantimes.com/business/nepal-stock-exchange-nepse-index-snaps-two-weeks-losing-streak/,gdelt,gdelt,thehimalayantimes.com
2017-02-06,Nepal Stock Exchange ( Nepse ) index snaps two weeks of losing streak,https://thehimalayantimes.com/business/nepal-stock-exchange-nepse-index-snaps-two-weeks-losing-streak/,gdelt,gdelt,thehimalayantimes.com
2017-02-10,"Nepse dips below 1,300 points as banks curb loans",http://kathmandupost.ekantipur.com/news/2017-02-10/nepse-dips-below-1300-points-as-banks-curb-loans.html,gdelt,gdelt,kathmandupost.ekantipur.com
2017-02-10,"NLIC , FCM asked to settle shares allotment process by Feb 24",http://kathmandupost.ekantipur.com/news/2017-02-10/nlic-fcm-asked-to-settle-shares-allotment-process-by-feb-24.html,gdelt,gdelt,kathmandupost.ekantipur.com
2017-02-10,Sebon directs NLI and FC Microfinance to settle share allotment by Feb 24,http://kathmandupost.ekantipur.com/news/2017-02-10/sebon-directs-nli-and-fc-microfinance-to-settle-share-allotment-by-feb-24.html,gdelt,gdelt,kathmandupost.ekantipur.com
2017-02-12,Nepse plunges to nearly a year,https://thehimalayantimes.com/business/nepal-stock-exchange-nepse-plunges-nearly-year-low/,gdelt,gdelt,thehimalayantimes.com
2017-02-12,Nepse dips on loan curbs,http://kathmandupost.ekantipur.com/news/2017-02-12/nepse-dips-on-loan-curbs.html,gdelt,gdelt,kathmandupost.ekantipur.com
2017-02-15,Nepse GM honoured,https://thehimalayantimes.com/business/nepal-stock-exchange-general-manager-sitaram-thapaliya-honoured/,gdelt,gdelt,thehimalayantimes.com
2017-02-17,Disaster in the making,http://kathmandupost.ekantipur.com/news/2017-02-17/disaster-in-the-making.html,gdelt,gdelt,kathmandupost.ekantipur.com
2017-02-19,Benchmark index rebounds,https://thehimalayantimes.com/business/benchmark-index-rebounds-nepal-stock-exchange-nepse/,gdelt,gdelt,thehimalayantimes.com
2017-02-19,Nepse jumps 47.62 points,http://kathmandupost.ekantipur.com/news/2017-02-19/nepse-jumps-4762-points.html,gdelt,gdelt,kathmandupost.ekantipur.com
2017-02-26,CDSCL to add more clearing banks,https://thehimalayantimes.com/business/central-depository-system-and-clearing-ltd-cdscl-add-clearing-banks/,gdelt,gdelt,thehimalayantimes.com
2017-02-26,Nepse slips on profit booking,http://kathmandupost.ekantipur.com/news/2017-02-26/nepse-slips-on-profit-booking.html,gdelt,gdelt,kathmandupost.ekantipur.com
2017-02-26,Selling pressure weighs on domestic bourse,https://thehimalayantimes.com/business/selling-pressure-weighs-domestic-bourse-nepal-stock-exchange-nepse/,gdelt,gdelt,thehimalayantimes.com
2017-03-01,The Island,http://www.island.lk/index.php?page_cat=article-details&page=article-details&code_title=161207,gdelt,gdelt,island.lk
2017-04-02,"Nepse bullish , gains 101.6 points",http://kathmandupost.ekantipur.com/news/2017-04-02/nepse-bullish-gains-1016-points.html,gdelt,gdelt,kathmandupost.ekantipur.com
2017-04-02,Nepse clamps circuit breaker,http://nepalireporter.com/nepse-clamps-circuit-breaker/,gdelt,gdelt,nepalireporter.com
2017-04-02,Nepse leaps 79 pts to close at 1667,http://kathmandupost.ekantipur.com/news/2017-04-02/nepse-leaps-79-pts-to-close-at-1667.html,gdelt,gdelt,kathmandupost.ekantipur.com
2017-04-03,The Kathmandu Post,http://kathmandupost.ekantipur.com/news/2017-04-03/insurance-stocks-take-off-nepse-up-7947-pts.html,gdelt,gdelt,kathmandupost.ekantipur.com
2017-04-04,Trading halt ordered twice as stocks soar,http://kathmandupost.ekantipur.com/news/2017-04-04/trading-halt-ordered-twice-as-stocks-soar.html,gdelt,gdelt,kathmandupost.ekantipur.com
2017-04-09,Nepal Stock Exchange up 63.4pts,http://kathmandupost.ekantipur.com/news/2017-04-09/nepal-stock-exchange-up-634pts.html,gdelt,gdelt,kathmandupost.ekantipur.com
2017-04-12,Nepse soars to five month high,http://kathmandupost.ekantipur.com/news/2017-04-12/nepse-soars-to-five-month-high.html,gdelt,gdelt,kathmandupost.ekantipur.com
2017-04-15,Nepse set to go fully online by mid,http://kathmandupost.ekantipur.com/news/2017-04-15/nepse-set-to-go-fully-online-by-mid-oct.html,gdelt,gdelt,kathmandupost.ekantipur.com
2017-04-16,Nepse gains 46.09 points,http://kathmandupost.ekantipur.com/news/2017-04-16/nepse-gains-4609-points.html,gdelt,gdelt,kathmandupost.ekantipur.com
2017-04-19,NRB gets new board directors,http://kathmandupost.ekantipur.com/news/2017-04-19/nrb-gets-new-board-directors.html,gdelt,gdelt,kathmandupost.ekantipur.com
2017-04-23,Nepse plunges nearly 40 points,http://kathmandupost.ekantipur.com/news/2017-04-23/nepse-plunges-nearly-40-points.html,gdelt,gdelt,kathmandupost.ekantipur.com
2017-04-30,Nepse records slender growth,http://kathmandupost.ekantipur.com/news/2017-04-30/nepse-records-slender-growth.html,gdelt,gdelt,kathmandupost.ekantipur.com
2017-05-02,Stock market has been buoyed up,http://reviewnepal.com/business/stock-market-has-been-buoyed-up.html,gdelt,gdelt,reviewnepal.com
2017-05-04,Brokerage firms start operations from 18 cities,http://kathmandupost.ekantipur.com/news/2017-05-04/brokerage-firms-start-operations-from-18-cities.html,gdelt,gdelt,kathmandupost.ekantipur.com
2017-05-06,Telcos with Rs50m capital must go public,http://kathmandupost.ekantipur.com/news/2017-05-06/telcos-with-rs50m-capital-must-go-public.html,gdelt,gdelt,kathmandupost.ekantipur.com
2017-05-07,Nepse plunges nearly 18 points,http://kathmandupost.ekantipur.com/news/2017-05-07/nepse-plunges-nearly-18-points.html,gdelt,gdelt,kathmandupost.ekantipur.com
2017-05-08,Standard Chartered Bank Nepal raises Rs 3.30 bn through FPO,https://hubpages.com/money/Standard-Chartered-Bank-Nepal-raises-Rs-330-Billion-through-FPO,gdelt,gdelt,hubpages.com
2017-05-13,Sebon mulls mandatory PAN for stock investors,http://kathmandupost.ekantipur.com/news/2017-05-13/sebon-mulls-mandatory-pan-for-stock-investors.html,gdelt,gdelt,kathmandupost.ekantipur.com
2017-05-16,Share allotment process to be shortened to 20 days,http://kathmandupost.ekantipur.com/news/2017-05-16/share-allotment-process-to-be-shortened-to-20-days.html,gdelt,gdelt,kathmandupost.ekantipur.com
2017-05-21,Nepse plunges nearly 15 points,http://kathmandupost.ekantipur.com/news/2017-05-21/nepse-plunges-nearly-15-points.html,gdelt,gdelt,kathmandupost.ekantipur.com
2017-05-23,NRB plans issuing broker licences to banks,http://kathmandupost.ekantipur.com/news/2017-05-23/nrb-plans-issuing-broker-licences-to-banks.html,gdelt,gdelt,kathmandupost.ekantipur.com
2017-05-28,Nepse plunges 14.29 points,http://kathmandupost.ekantipur.com/news/2017-05-28/nepse-plunges-1429-points.html,gdelt,gdelt,kathmandupost.ekantipur.com
2017-05-29,Public Enterprises see marginal profit growth,http://kathmandupost.ekantipur.com/news/2017-05-29/public-enterprises-see-marginal-profit-growth.html,gdelt,gdelt,kathmandupost.ekantipur.com
2017-05-31,Nepse plunges after budget statement,http://kathmandupost.ekantipur.com/news/2017-05-31/nepse-plunges-after-budget-statement.html,gdelt,gdelt,kathmandupost.ekantipur.com
2017-06-01,Stocks rebound on poll schedule,http://kathmandupost.ekantipur.com/news/2017-06-01/stocks-rebound-on-poll-schedule.html,gdelt,gdelt,kathmandupost.ekantipur.com
2017-07-01,CDS approves three more clearing banks,http://kathmandupost.ekantipur.com/news/2017-07-01/cds-approves-three-more-clearing-banks.html,gdelt,gdelt,kathmandupost.ekantipur.com
2017-07-01,Stock transaction likely to resume on Sunday,http://kathmandupost.ekantipur.com/news/2017-07-01/stock-transaction-likely-to-resume-on-sunday.html,gdelt,gdelt,kathmandupost.ekantipur.com
2017-07-02,Nepse records a gain of 4.32 points,http://kathmandupost.ekantipur.com/news/2017-07-02/nepse-records-a-gain-of-432-points.html,gdelt,gdelt,kathmandupost.ekantipur.com
2017-07-02,Stockbrokers to resume trading on Sunday,http://kathmandupost.ekantipur.com/news/2017-07-02/stockbrokers-to-resume-trading-on-sunday.html,gdelt,gdelt,kathmandupost.ekantipur.com
2017-07-08,Nepal Stock Exchange to go fully automatic in Nov,http://kathmandupost.ekantipur.com/news/2017-07-08/nepal-stock-exchange-to-go-fully-automatic-in-nov.html,gdelt,gdelt,kathmandupost.ekantipur.com
2017-07-08,Share market to go online,http://nepalireporter.com/share-market-to-go-online/,gdelt,gdelt,nepalireporter.com
2017-07-09,Nepse posts gain of 18.3 points,http://kathmandupost.ekantipur.com/news/2017-07-09/nepse-posts-gain-of-183-points.html,gdelt,gdelt,kathmandupost.ekantipur.com
2017-07-16,Nepse sees marginal gain of 0.56 pts,http://kathmandupost.ekantipur.com/news/2017-07-16/nepse-sees-marginal-gain-of-056-pts.html,gdelt,gdelt,kathmandupost.ekantipur.com
2017-07-17,Govt fails to impose VAT on stockbrokers,http://kathmandupost.ekantipur.com/news/2017-07-17/govt-fails-to-impose-vat-on-stockbrokers.html,gdelt,gdelt,kathmandupost.ekantipur.com
2017-07-17,Nepse continues to surge Monday,http://kathmandupost.ekantipur.com/news/2017-07-17/nepse-continues-to-surge-monday.html,gdelt,gdelt,kathmandupost.ekantipur.com
2017-07-23,Nepse starts new fiscal year strong,http://kathmandupost.ekantipur.com/news/2017-07-23/nepse-starts-new-fiscal-year-strong.html,gdelt,gdelt,kathmandupost.ekantipur.com
2017-07-29,Stock market sees transaction above 5.5 billion,https://thehimalayantimes.com/business/stock-market-sees-transaction-5-5-billion/,gdelt,gdelt,thehimalayantimes.com
2017-07-29,Stock market sees transaction above Rs 5.5 billion,https://thehimalayantimes.com/business/stock-market-sees-transaction-5-5-billion-2/,gdelt,gdelt,thehimalayantimes.com
2017-07-29,Nepal stock market witnesses transaction above 5.5 billion,https://kathmandutribune.com/nepals-stock-market-witnesses-transaction-above-5-5-billion/,gdelt,gdelt,kathmandutribune.com
2017-07-30,Nepse ends week 10.78 pts higher,http://kathmandupost.ekantipur.com/news/2017-07-30/nepse-ends-week-1078-pts-higher.html,gdelt,gdelt,kathmandupost.ekantipur.com
2017-07-30,"Insurance , manufacturing buoy Nepse index",https://thehimalayantimes.com/business/insurance-manufacturing-buoy-nepse-index/,gdelt,gdelt,thehimalayantimes.com
2017-07-31,NIBL Capital set to acquire Ace Capital,https://thehimalayantimes.com/business/nibl-capital-set-acquire-ace-capital/,gdelt,gdelt,thehimalayantimes.com
2017-08-02,"MoF initiates process to select Nepse GM , DCGF CEO",https://thehimalayantimes.com/business/minister-of-finance-initiates-process-to-select-nepal-stock-exchange-general-manager-deposit-and-credit-guarantee-fund-chief-executive-officer/,gdelt,gdelt,thehimalayantimes.com
2017-08-06,"Nepse gains steam , up 14.05 points",http://kathmandupost.ekantipur.com/news/2017-08-06/nepse-gains-steam-up-1405-points.html,gdelt,gdelt,kathmandupost.ekantipur.com
2017-08-06,Nepse index rebounds by 14 points,https://thehimalayantimes.com/business/nepse-index-rebounds-14-points/,gdelt,gdelt,thehimalayantimes.com
2017-08-13,Nepse slips marginally at 0.42pc,http://kathmandupost.ekantipur.com/news/2017-08-13/nepse-slips-marginally-at-042pc.html,gdelt,gdelt,kathmandupost.ekantipur.com
2017-08-13,Secondary market slightly down,https://thehimalayantimes.com/business/secondary-market-slightly/,gdelt,gdelt,thehimalayantimes.com
2017-08-15,Nepse suffers double digit decline,https://thehimalayantimes.com/business/nepse-suffers-double-digit-decline/,gdelt,gdelt,thehimalayantimes.com
2017-08-20,Benchmark index sheds 1.44 per cent,https://thehimalayantimes.com/business/benchmark-index-sheds-1-44-per-cent/,gdelt,gdelt,thehimalayantimes.com
2017-08-20,Nepse sinks 23.78pts as floods hit,http://kathmandupost.ekantipur.com/news/2017-08-20/nepse-sinks-2378pts-as-floods-hit.html,gdelt,gdelt,kathmandupost.ekantipur.com
2017-08-22,Sebon mulls enforcing separate regulation,http://kathmandupost.ekantipur.com/news/2017-08-22/sebon-mulls-enforcing-separate-regulation.html,gdelt,gdelt,kathmandupost.ekantipur.com
2017-08-27,Nepse suffers double,http://kathmandupost.ekantipur.com/news/2017-08-27/nepse-suffers-double-digit-fall-20170827074605.html,gdelt,gdelt,kathmandupost.ekantipur.com
2017-08-27,Stock market sheds 0.73pc,https://thehimalayantimes.com/business/stock-market-sheds-0-73pc/,gdelt,gdelt,thehimalayantimes.com
2017-08-31,No decision yet to levy VAT on broker commission,https://thehimalayantimes.com/business/no-decision-yet-levy-vat-broker-commission/,gdelt,gdelt,thehimalayantimes.com
2017-09-01,Sebon to open second bourse despite protests,http://kathmandupost.ekantipur.com/news/2017-09-01/sebon-to-open-second-bourse-despite-protests.html,gdelt,gdelt,kathmandupost.ekantipur.com
2017-09-03,Stock market sheds over two per cent,https://thehimalayantimes.com/business/stock-market-sheds-two-per-cent/,gdelt,gdelt,thehimalayantimes.com
2017-09-03,PAN must for share trading from next fiscal,https://thehimalayantimes.com/business/permanent-account-number-must-share-trading-next-fiscal/,gdelt,gdelt,thehimalayantimes.com
2017-09-03,"Nepse falls flat , down 37.78 points",http://kathmandupost.ekantipur.com/news/2017-09-03/nepse-falls-flat-down-3778-points.html,gdelt,gdelt,kathmandupost.ekantipur.com
2017-09-05,Stock market sheds 25.47 points,https://thehimalayantimes.com/business/stock-market-sheds-25-47-points/,gdelt,gdelt,thehimalayantimes.com
2017-09-05,Daily turnover at Nepse up 10 times in five years,https://thehimalayantimes.com/business/daily-turnover-at-nepse-up-10-times-in-five-years/,gdelt,gdelt,thehimalayantimes.com
2017-09-07,50 real sector companies vie for Nepse listing,http://kathmandupost.ekantipur.com/news/2017-09-07/50-real-sector-companies-vie-for-nepse-listing.html,gdelt,gdelt,kathmandupost.ekantipur.com
2017-09-09,Stock market sees share trading worth approximately 2.42 billion,https://kathmandutribune.com/stock-market-sees-share-trading-worth-approximately-2-42-billion/,gdelt,gdelt,kathmandutribune.com
2017-09-10,Excess supply exerts pressure on country sole secondary market,https://thehimalayantimes.com/business/excess-supply-exerts-pressure-countrys-sole-secondary-market/,gdelt,gdelt,thehimalayantimes.com
2017-09-10,"Nepse falls flat , down 25.48pts",http://kathmandupost.ekantipur.com/news/2017-09-10/nepse-falls-flat-down-2548pts.html,gdelt,gdelt,kathmandupost.ekantipur.com
2017-09-11,Stock market descends by 2.24 per cent,https://thehimalayantimes.com/business/stock-market-descends-2-24-per-cent/,gdelt,gdelt,thehimalayantimes.com
2017-09-17,Investor speculations cause share market volatility,https://thehimalayantimes.com/business/investor-speculations-cause-share-market-volatility/,gdelt,gdelt,thehimalayantimes.com
2017-09-17,Nepse ends week 24.24pts lower,http://kathmandupost.ekantipur.com/news/2017-09-17/nepse-ends-week-2424pts-lower.html,gdelt,gdelt,kathmandupost.ekantipur.com
2017-09-18,Nepse to miss Nov deadline to introduce online trading,http://kathmandupost.ekantipur.com/news/2017-09-18/nepse-to-miss-nov-deadline-to-introduce-online-trading.html,gdelt,gdelt,kathmandupost.ekantipur.com
2017-09-19,Investors Forum urges government to appoint Nepse GM,https://thehimalayantimes.com/business/investors-forum-urges-government-to-appoint-nepse-general-manager/,gdelt,gdelt,thehimalayantimes.com
2017-09-22,bizmandu . com Website Analysis and Social Media report impact : Bizmandu . com,http://www.coolsocial.net/sites/www/bizmandu.com.html,gdelt,gdelt,coolsocial.net
2017-09-24,"Nepse posts marginal growth , up 9.5 points",http://kathmandupost.ekantipur.com/news/2017-09-24/nepse-posts-marginal-growth-up-95-points.html,gdelt,gdelt,kathmandupost.ekantipur.com
2017-09-24,Benchmark index edges up slightly,https://thehimalayantimes.com/business/benchmark-index-edges-slightly/,gdelt,gdelt,thehimalayantimes.com
2017-09-25,12 cos to issue rights shares worth Rs5.71b,http://kathmandupost.ekantipur.com/news/2017-09-25/12-cos-to-issue-rights-shares-worth-rs571b.html,gdelt,gdelt,kathmandupost.ekantipur.com
2017-09-26,Chilime granted study license of two projects,https://thehimalayantimes.com/business/chilime-granted-study-license-two-projects/,gdelt,gdelt,thehimalayantimes.com
2017-09-26,Chilime granted study license of two projects,https://kathmandutribune.com/chilime-granted-study-license-two-projects/,gdelt,gdelt,kathmandutribune.com
2017-09-26,Chilime granted study license of two projects,http://nepalireporter.com/chilime-granted-study-license-of-two-projects/,gdelt,gdelt,nepalireporter.com
2017-09-27,Sebon probes BFIs for delayed share issue,http://kathmandupost.ekantipur.com/news/2017-09-27/sebon-probes-bfis-for-delayed-share-issue.html,gdelt,gdelt,kathmandupost.ekantipur.com
2017-10-04,Nepse up 6.89pts as market reopens,http://kathmandupost.ekantipur.com/news/2017-10-04/nepse-up-689pts-as-market-reopens.html,gdelt,gdelt,kathmandupost.ekantipur.com
2017-10-04,Nepse up 6.89pts as market reopens,http://www.customstoday.com.pk/nepse-up-6-89pts-as-market-reopens/,gdelt,gdelt,customstoday.com.pk
2017-10-08,"Nepse plunges 37.38pts to 1,542.65",http://kathmandupost.ekantipur.com/news/2017-10-08/nepse-plunges-3738pts-to-154265.html,gdelt,gdelt,kathmandupost.ekantipur.com
2017-10-08,Secondary market drops slightly,https://thehimalayantimes.com/business/secondary-market-drops-slightly/,gdelt,gdelt,thehimalayantimes.com
2017-10-09,Share market falls 8.12 points,http://nepalireporter.com/share-market-falls-8-12-points/,gdelt,gdelt,nepalireporter.com
2017-10-09,Share market falls 8.12 points,https://kathmandutribune.com/share-market-falls-8-12-points/,gdelt,gdelt,kathmandutribune.com
2017-10-10,Saud become new Nepse GM,http://kathmandupost.ekantipur.com/news/2017-10-10/saud-become-new-nepse-gm.html,gdelt,gdelt,kathmandupost.ekantipur.com
2017-10-10,Saud appointed as share market GM,https://thehimalayantimes.com/business/chandra-singh-saud-appointed-share-market-general-manager/,gdelt,gdelt,thehimalayantimes.com
2017-10-10,Nepse index surges by 0.74 points,https://kathmandutribune.com/nepse-index-surges-0-74-points/,gdelt,gdelt,kathmandutribune.com
2017-10-13,October 2017 – People Review,http://peoplesreview.com.np/2017/10/,gdelt,gdelt,peoplesreview.com.np
2017-10-13,Saud NEPSE new GM – People Review,http://peoplesreview.com.np/2017/10/13/saud-nepses-new-gm/,gdelt,gdelt,peoplesreview.com.np
2017-10-15,Investor sentiment takes a hit,https://thehimalayantimes.com/business/investor-sentiment-takes-hit/,gdelt,gdelt,thehimalayantimes.com
2017-10-15,"Nepse in Dashain hangover , down 32.63 points",http://kathmandupost.ekantipur.com/news/2017-10-15/nepse-in-dashain-hangover-down-3263-points.html,gdelt,gdelt,kathmandupost.ekantipur.com
2017-10-16,Nepse soars by double digits,https://kathmandutribune.com/nepse-soars-double-digits/,gdelt,gdelt,kathmandutribune.com
2017-10-17,Nepse rebounds 47 points as election preparation buoys investors,http://www.customstoday.com.pk/nepse-rebounds-47-points-as-election-preparation-buoys-investors/,gdelt,gdelt,customstoday.com.pk
2017-10-19,Nepse suspends trading in shares of 26 firms,http://kathmandupost.ekantipur.com/news/2017-10-19/nepse-suspends-trading-in-shares-of-26-firms.html,gdelt,gdelt,kathmandupost.ekantipur.com
2017-10-25,It getting better,http://kathmandupost.ekantipur.com/news/2017-10-25/its-getting-better.html,gdelt,gdelt,kathmandupost.ekantipur.com
2017-10-27,Modernisation of secondary market faces delays,https://thehimalayantimes.com/business/modernisation-of-secondary-market-faces-delays/,gdelt,gdelt,thehimalayantimes.com
2017-10-29,Nepse index plunges 14.63 points,http://kathmandupost.ekantipur.com/news/2017-10-29/nepse-index-plunges-1463-points.html,gdelt,gdelt,kathmandupost.ekantipur.com
2017-10-29,Secondary market drops slightly,https://thehimalayantimes.com/business/secondary-market-drops-slightly-2/,gdelt,gdelt,thehimalayantimes.com
2017-10-31,Can investing in frontier markets tackle corruption,https://www.london.edu/faculty-and-research/lbsr/can-investing-in-frontier-markets-tackle-corruption,gdelt,gdelt,london.edu
2017-11-01,SEBON instruction,https://thehimalayantimes.com/business/sebons-instruction/,gdelt,gdelt,thehimalayantimes.com
2017-12-03,Election optimism fuels secondary market,https://thehimalayantimes.com/business/election-optimism-fuels-secondary-market/,gdelt,gdelt,thehimalayantimes.com
2017-12-03,Nepse surges by nearly 45 points,http://kathmandupost.ekantipur.com/news/2017-12-03/nepse-surges-by-nearly-45-points.html,gdelt,gdelt,kathmandupost.ekantipur.com
2017-12-05,Nepse expedites procedures to begin margin lending,https://thehimalayantimes.com/business/nepse-expedites-procedures-begin-margin-lending/,gdelt,gdelt,thehimalayantimes.com
2017-12-10,Nepse index posts loss of 1.13pts,http://kathmandupost.ekantipur.com/news/2017-12-10/nepse-index-posts-loss-of-113pts.html,gdelt,gdelt,kathmandupost.ekantipur.com
2017-12-10,Nepse dips ahead of phase II elections,https://thehimalayantimes.com/business/nepse-dips-ahead-phase-ii-elections/,gdelt,gdelt,thehimalayantimes.com
2017-12-15,Nepse forms panel,https://thehimalayantimes.com/business/nepal-stock-exchange-forms-panel/,gdelt,gdelt,thehimalayantimes.com
2017-12-17,Internal wrangling weighs on investor sentiment,https://thehimalayantimes.com/business/internal-wrangling-weighs-investor-sentiment/,gdelt,gdelt,thehimalayantimes.com
2017-12-17,Nepse ends week 16.39 points lower,http://kathmandupost.ekantipur.com/news/2017-12-17/nepse-ends-week-1639-points-lower.html,gdelt,gdelt,kathmandupost.ekantipur.com
2017-12-19,NIC Asia debenture,https://thehimalayantimes.com/business/nic-asia-debenture/,gdelt,gdelt,thehimalayantimes.com
2017-12-20,Brokers willing to pay VAT if old dues waived,http://kathmandupost.ekantipur.com/news/2017-12-20/brokers-willing-to-pay-vat-if-old-dues-waived.html,gdelt,gdelt,kathmandupost.ekantipur.com
2017-12-20,"After elections , Nepal back on frontier market investor radar",http://www.atimes.com/elections-nepal-back-frontier-market-investor-radar/,gdelt,gdelt,atimes.com
2017-12-24,Share market plunges to one,https://thehimalayantimes.com/business/share-market-plunges-one-month-low/,gdelt,gdelt,thehimalayantimes.com
2017-12-24,Nepse nosedives nearly 50 points,http://kathmandupost.ekantipur.com/news/2017-12-24/nepse-nosedives-nearly-50-points.html,gdelt,gdelt,kathmandupost.ekantipur.com
2017-12-27,Nepse index at nine,https://thehimalayantimes.com/business/nepse-index-nine-month-low/,gdelt,gdelt,thehimalayantimes.com
2017-12-31,Nepse ends year down 28.6 points,http://kathmandupost.ekantipur.com/news/2017-12-31/nepse-ends-year-down-286-points.html,gdelt,gdelt,kathmandupost.ekantipur.com
2017-12-31,Secondary market ends the year in red zone,https://thehimalayantimes.com/business/secondary-market-ends-year-red-zone/,gdelt,gdelt,thehimalayantimes.com
2018-01-01,"Nepse dips below 1,400 points after nine months",https://thehimalayantimes.com/business/nepse-dips-1400-points-nine-months/,gdelt,gdelt,thehimalayantimes.com
2018-01-01,Issue IPO only after declaring financial details : SEBON,https://thehimalayantimes.com/temp/issue-ipo-declaring-financial-details-sebon/,gdelt,gdelt,thehimalayantimes.com
2018-01-02,Nepse ushers in 2018 on a buoyant note,https://thehimalayantimes.com/business/nepse-ushers-2018-buoyant-note/,gdelt,gdelt,thehimalayantimes.com
2018-01-05,THT 10 YEARS AGO : Govt looking to divest shares in three public enterprises,https://thehimalayantimes.com/opinion/tht-10-years-ago-govt-looking-divest-shares-three-public-enterprises/,gdelt,gdelt,thehimalayantimes.com
2018-01-07,Nepse kicks off 2018 with 9.05pt gain,http://kathmandupost.ekantipur.com/news/2018-01-07/nepse-kicks-off-2018-with-905pt-gain.html,gdelt,gdelt,kathmandupost.ekantipur.com
2018-01-07,Benchmark index snaps four,https://thehimalayantimes.com/business/benchmark-index-snaps-four-week-losing-streak/,gdelt,gdelt,thehimalayantimes.com
2018-01-10,NIC Asia debenture,https://thehimalayantimes.com/business/nic-asia-debenture-2/,gdelt,gdelt,thehimalayantimes.com
2018-01-10,Kathmandu [ nepal,https://wn.com/Kathmandu_[Nepal,gdelt,gdelt,wn.com
2018-01-14,Insurance subgroup leads market rally,https://thehimalayantimes.com/business/insurance-subgroup-leads-market-rally/,gdelt,gdelt,thehimalayantimes.com
2018-01-15,"SEBON seeks annual , financial reports",https://thehimalayantimes.com/business/sebon-seeks-annual-financial-reports/,gdelt,gdelt,thehimalayantimes.com
2018-01-15,UK company applies to open first commodity exchange - Money,http://kathmandupost.ekantipur.com/news/2018-01-15/uk-company-applies-to-open-first-commodity-exchange.html,gdelt,gdelt,kathmandupost.ekantipur.com
2018-01-15,Rally organised in Capital to observe National Yoga Day,https://article.wn.com/view/2018/01/15/Rally_organised_in_Capital_to_observe_National_Yoga_Day/,gdelt,gdelt,article.wn.com
2018-01-21,Nepse index down by 33.77 points,https://thehimalayantimes.com/business/nepse-index-33-77-points/,gdelt,gdelt,thehimalayantimes.com
2018-01-21,Nepse posts loss of 24.58 points - Money,http://kathmandupost.ekantipur.com/news/2018-01-21/nepse-posts-loss-of-2458-points.html,gdelt,gdelt,kathmandupost.ekantipur.com
2018-01-25,SEBON seeks more time for C - ASBA,https://thehimalayantimes.com/business/sebon-seeks-time-c-asba/,gdelt,gdelt,thehimalayantimes.com
2018-01-28,Nepse index witnesses minor drop,https://thehimalayantimes.com/business/nepse-index-witnesses-minor-drop/,gdelt,gdelt,thehimalayantimes.com
2018-01-28,Nepse index posts loss of 1.99 points - Money,http://kathmandupost.ekantipur.com/news/2018-01-28/nepse-index-posts-loss-of-199-points.html,gdelt,gdelt,kathmandupost.ekantipur.com
2018-02-01,Taking stock - Nepali Times,http://nepalitimes.com/news.php?id=13804,gdelt,gdelt,nepalitimes.com
2018-02-04,"Nepse posts slight growth , up 5.57pts - Money",http://kathmandupost.ekantipur.com/news/2018-02-04/nepse-posts-slight-growth-up-557pts.html,gdelt,gdelt,kathmandupost.ekantipur.com
2018-02-04,Nepse index edges up by 0.49pc,https://thehimalayantimes.com/business/nepse-index-edges-0-49pc/,gdelt,gdelt,thehimalayantimes.com
2018-02-10,NIBL Ace Capital Starts Operation,https://www.spotlightnepal.com/2018/02/10/nibl-ace-capital-starts-operation/,gdelt,gdelt,spotlightnepal.com
2018-02-10,Share market : Transaction worth 1.55 billion rupees,http://nepalireporter.com/share-market-transaction-worth-1-55-billion-rupees/,gdelt,gdelt,nepalireporter.com
2018-02-11,Nepse at a two - and - a - half week low,https://thehimalayantimes.com/business/nepse-two-half-week-low/,gdelt,gdelt,thehimalayantimes.com
2018-02-11,Nepse ends week down 20.49 points - Money,http://kathmandupost.ekantipur.com/news/2018-02-11/nepse-ends-week-down-2049-points.html,gdelt,gdelt,kathmandupost.ekantipur.com
2018-02-15,Valley hotels net record profits in 2017 - Money,http://kathmandupost.ekantipur.com/news/2018-02-15/valley-hotels-net-record-profits-in-2017.html,gdelt,gdelt,kathmandupost.ekantipur.com
2018-02-18,Formation of new govt fuels optimism,https://thehimalayantimes.com/business/formation-of-new-govt-fuels-optimism/,gdelt,gdelt,thehimalayantimes.com
2018-02-18,"Nepse in buoyant mood , up 33.92pts - Money",http://kathmandupost.ekantipur.com/news/2018-02-18/nepse-in-buoyant-mood-up-3392pts.html,gdelt,gdelt,kathmandupost.ekantipur.com
2018-02-20,South Asia Weekly Report | Vol . XI Issue 8,http://www.orfonline.org/research/south-asia-weekly-report-vol-xi-issue-8/,gdelt,gdelt,orfonline.org
2018-02-22,Nepse to divide firms into four categories - Money,http://kathmandupost.ekantipur.com/news/2018-02-22/nepse-to-divide-firms-into-four-categories.html,gdelt,gdelt,kathmandupost.ekantipur.com
2018-02-24,C - ASBA allows investors to buy shares online - Money,http://kathmandupost.ekantipur.com/news/2018-02-24/c-asba-allows-investors-to-buy-shares-online.html,gdelt,gdelt,kathmandupost.ekantipur.com
2018-02-24,NEPSE index falls 26.92 points on weekend day today,http://nepalireporter.com/nepse-index/,gdelt,gdelt,nepalireporter.com
2018-02-25,Nepse drops 2.66pc as stock investors in wait - and - see mode,https://thehimalayantimes.com/business/nepse-drops-2-66pc-stock-investors-wait-see-mode/,gdelt,gdelt,thehimalayantimes.com
2018-02-25,"Nepse posts dire week , down 37.97pts - Money",http://kathmandupost.ekantipur.com/news/2018-02-25/nepse-posts-dire-week-down-3797pts.html,gdelt,gdelt,kathmandupost.ekantipur.com
2018-02-26,Nepali Times,http://www.nepalitimes.com/blogs/thebrief/2018/02/26/yuba-raj-khatiwadas-turn/,gdelt,gdelt,nepalitimes.com
2018-03-03,Share transaction worth Rs 2 billion this week,https://thehimalayantimes.com/business/share-transaction-worth-2-billion-rupees/,gdelt,gdelt,thehimalayantimes.com
2018-03-04,"Nepse hits 1 - year low , down 40.99pts - Money",http://kathmandupost.ekantipur.com/news/2018-03-04/nepse-hits-1-year-low-down-4099pts.html,gdelt,gdelt,kathmandupost.ekantipur.com
2018-03-04,"Nepse index plunges nearly 3pc to below 1,350 points",https://thehimalayantimes.com/business/nepse-index-plunges-nearly-3pc-1350-points/,gdelt,gdelt,thehimalayantimes.com
2018-03-05,"From the Kathmandu Press : Monday , March 5,2018 – OnlineKhabar",http://english.onlinekhabar.com/from-the-kathmandu-press-monday-march-5-2018/,gdelt,gdelt,english.onlinekhabar.com
2018-03-11,Nepse dropped over 30 points last week - Money,http://kathmandupost.ekantipur.com/news/2018-03-11/nepse-dropped-over-30-points-last-week.html,gdelt,gdelt,kathmandupost.ekantipur.com
2018-03-11,Nepse tumbles as spooked share investors resort to panic selling,https://thehimalayantimes.com/business/nepse-tumbles-spooked-share-investors-resort-panic-selling/,gdelt,gdelt,thehimalayantimes.com
2018-03-18,Nepse falls for 4th straight week - Money,http://kathmandupost.ekantipur.com/news/2018-03-18/nepse-falls-for-4th-straight-week.html,gdelt,gdelt,kathmandupost.ekantipur.com
2018-03-18,"Nepse retreats below 1,300 - point threshold",https://thehimalayantimes.com/business/nepse-retreats-below-1300-point-threshold/,gdelt,gdelt,thehimalayantimes.com
2018-03-22,NEPSE sees double digit plunge today,https://thehimalayantimes.com/business/nepse-sees-double-digit-plunge-today/,gdelt,gdelt,thehimalayantimes.com
2018-03-22,NEPSE continues downward spiral as indices extend 0.86 per cent loss,https://thehimalayantimes.com/business/nepse-continues-downward-spiral-as-indices-extend-0-86-per-cent-loss/,gdelt,gdelt,thehimalayantimes.com
2018-03-23,"Sebon , FinMin in talks to cut taxes on shares - Money",http://kathmandupost.ekantipur.com/news/2018-03-23/sebon-finmin-in-talks-to-cut-taxes-on-shares.html,gdelt,gdelt,kathmandupost.ekantipur.com
2018-03-25,Nepse nosedives as investors flee - Money,http://kathmandupost.ekantipur.com/news/2018-03-25/nepse-nosedives-as-investors-flee.html,gdelt,gdelt,kathmandupost.ekantipur.com
2018-03-25,Nepse goes on a free fall to nearly 26 - month low,https://thehimalayantimes.com/business/nepse-goes-on-a-free-fall-to-nearly-26-month-low/,gdelt,gdelt,thehimalayantimes.com
2018-03-26,Central bank seeks quotations for RTGS system installation - Money,http://kathmandupost.ekantipur.com/news/2018-03-26/central-bank-seeks-quotations-for-rtgs-system-installation.html,gdelt,gdelt,kathmandupost.ekantipur.com
2018-03-26,NEPSE index records sudden plunge,https://thehimalayantimes.com/nepal/nepse-index-records-sudden-plunge/,gdelt,gdelt,thehimalayantimes.com
2018-03-26,"Black Monday at Nepse as investors reel under selling pressure , financial weighs",https://thehimalayantimes.com/business/black-monday-at-nepse-as-investors-reel-under-selling-pressure-financial-weighs/,gdelt,gdelt,thehimalayantimes.com
2018-03-27,Nepse drops below 1200 pts - Money,http://kathmandupost.ekantipur.com/news/2018-03-27/nepse-drops-below-1200-pts.html,gdelt,gdelt,kathmandupost.ekantipur.com
2018-03-27,Nepse surges by 39.16 points - National,http://kathmandupost.ekantipur.com/news/2018-03-27/nepse-surges-by-3916-points.html,gdelt,gdelt,kathmandupost.ekantipur.com
2018-03-27,Nepse index increases 39.16 points,https://thehimalayantimes.com/kathmandu/nepse-index-increases-39-16-points/,gdelt,gdelt,thehimalayantimes.com
2018-03-28,Benchmark index rebounds by 39.16 pts,https://thehimalayantimes.com/business/benchmark-index-rebounds-by-39-16-pts/,gdelt,gdelt,thehimalayantimes.com
2018-03-28,Nepse makes on bearish trend,https://thehimalayantimes.com/kathmandu/nepse-makes-on-bearish-trend/,gdelt,gdelt,thehimalayantimes.com
2018-04-01,Investors upbeat despite Nepse fall - Money,http://kathmandupost.ekantipur.com/news/2018-04-01/investors-upbeat-despite-nepse-fall.html,gdelt,gdelt,kathmandupost.ekantipur.com
2018-04-01,Nepse limits weekly loss to 0.01 per cent,https://thehimalayantimes.com/business/nepse-limits-weekly-loss-to-0-01-per-cent/,gdelt,gdelt,thehimalayantimes.com
2018-04-02,Nepse index tumbles by 24.05 points,https://thehimalayantimes.com/business/nepse-index-tumbles-by-24-05-points/,gdelt,gdelt,thehimalayantimes.com
2018-04-03,IFC proposes $15m investment in Nepal NMB Bank,https://www.dealstreetasia.com/stories/ifc-proposes-15m-investment-in-nepals-nmb-bank-95405/,gdelt,gdelt,dealstreetasia.com
2018-04-08,Nepse snaps six - week losing streak,https://thehimalayantimes.com/business/nepse-snaps-six-week-losing-streak/,gdelt,gdelt,thehimalayantimes.com
2018-04-08,"Nepse ends losing streak , up 30.1pts - Money",http://kathmandupost.ekantipur.com/news/2018-04-08/nepse-ends-losing-streak-up-301pts.html,gdelt,gdelt,kathmandupost.ekantipur.com
2018-04-08,Is there any API for Nepal Stock Exchange NEPSE ?,https://www.quora.com/Is-there-any-API-for-Nepal-Stock-Exchange-NEPSE,gdelt,gdelt,quora.com
2018-04-10,Insider trading - Oped,http://kathmandupost.ekantipur.com/news/2018-04-10/insider-trading.html,gdelt,gdelt,kathmandupost.ekantipur.com
2018-04-14,Online system to make life easier for share traders - Money,http://kathmandupost.ekantipur.com/news/2018-04-14/online-system-to-make-life-easier-for-share-traders.html,gdelt,gdelt,kathmandupost.ekantipur.com
2018-04-15,"16,000 new investors boost Nepse - Money",http://kathmandupost.ekantipur.com/news/2018-04-15/16000-new-investors-boost-nepse.html,gdelt,gdelt,kathmandupost.ekantipur.com
2018-04-15,Benchmark index sees gain of 2.17pc,https://thehimalayantimes.com/business/benchmark-index-sees-gain-of-2-17pc/,gdelt,gdelt,thehimalayantimes.com
2018-04-15,"16,000 new investors boost Nepse - Money",https://kathmandupost.ekantipur.com/news/2018-04-15/16000-new-investors-boost-nepse.html,gdelt,gdelt,kathmandupost.ekantipur.com
2018-04-16,Nepal Stock Exchange commences online trading - Money,http://kathmandupost.ekantipur.com/news/2018-04-16/nepse-commences-online-trading.html,gdelt,gdelt,kathmandupost.ekantipur.com
2018-04-16,Online buy and sell order of shares starts,https://thehimalayantimes.com/business/online-buy-and-sell-order-of-shares-starts/,gdelt,gdelt,thehimalayantimes.com
2018-04-18,Where can I buy and sell shares in Nepal ?,https://www.quora.com/Where-can-I-buy-and-sell-shares-in-Nepal,gdelt,gdelt,quora.com
2018-04-19,Benchmark index at nearly two - month - high,https://thehimalayantimes.com/business/benchmark-index-at-nearly-two-month-high/,gdelt,gdelt,thehimalayantimes.com
2018-04-22,Nepse surges by over 110 points - Money,http://kathmandupost.ekantipur.com/news/2018-04-22/nepse-surges-by-over-110-points.html,gdelt,gdelt,kathmandupost.ekantipur.com
2018-04-22,Benchmark index up by over 110 points,https://thehimalayantimes.com/business/benchmark-index-up-by-over-110-points/,gdelt,gdelt,thehimalayantimes.com
2018-04-23,Nepse surges by over 110 points - Money,https://kathmandupost.ekantipur.com/news/2018-04-22/nepse-surges-by-over-110-points.html,gdelt,gdelt,kathmandupost.ekantipur.com
2018-04-23,"Nepse crosses 1,400 - point threshold",https://thehimalayantimes.com/business/nepse-crosses-1400-point-threshold/,gdelt,gdelt,thehimalayantimes.com
2018-04-23,Nepse suffers double - digit fall - Money,http://kathmandupost.ekantipur.com/news/2018-04-23/nepse-suffers-double-digit-fall-20180423173750.html,gdelt,gdelt,kathmandupost.ekantipur.com
2018-04-25,Nepse to allow transfer of stock purchase right - Money,http://kathmandupost.ekantipur.com/news/2018-04-25/nepse-to-allow-transfer-of-stock-purchase-right.html,gdelt,gdelt,kathmandupost.ekantipur.com
2018-04-25,Nepse to allow transfer of stock purchase right - Money,https://kathmandupost.ekantipur.com/news/2018-04-25/nepse-to-allow-transfer-of-stock-purchase-right.html,gdelt,gdelt,kathmandupost.ekantipur.com
2018-04-29,Nepse index plunges by over 31pts - Money,http://kathmandupost.ekantipur.com/news/2018-04-29/nepse-index-plunges-by-over-31pts.html,gdelt,gdelt,kathmandupost.ekantipur.com
2018-04-29,Nepse down by 31.09 points,https://thehimalayantimes.com/business/nepse-down-by-31-09-points/,gdelt,gdelt,thehimalayantimes.com
2018-04-29,Nepse index plunges by over 31pts - Money,https://kathmandupost.ekantipur.com/news/2018-04-29/nepse-index-plunges-by-over-31pts.html,gdelt,gdelt,kathmandupost.ekantipur.com
2018-05-03,Jagadish prasad bist,http://kathmandupost.ekantipur.com/author/jagadish+prasad+bist,gdelt,gdelt,kathmandupost.ekantipur.com
2018-05-06,Small investors boost Nepse - Money,http://kathmandupost.ekantipur.com/news/2018-05-06/small-investors-boost-nepse.html,gdelt,gdelt,kathmandupost.ekantipur.com
2018-05-06,Nepse index up 8.93 points,https://thehimalayantimes.com/business/nepse-index-up-8-93-points/,gdelt,gdelt,thehimalayantimes.com
2018-05-09,Capital Market Expo slated to open today - Money,http://kathmandupost.ekantipur.com/news/2018-05-09/capital-market-expo-slated-to-open-today.html,gdelt,gdelt,kathmandupost.ekantipur.com
2018-05-13,"Nepse loses 17.7pts to close at 1,348 - Money",http://kathmandupost.ekantipur.com/news/2018-05-13/nepse-loses-177pts-to-close-at-1348.html,gdelt,gdelt,kathmandupost.ekantipur.com
2018-05-13,Nepse index down 17.70 points,https://thehimalayantimes.com/business/nepse-index-down-17-70-points/,gdelt,gdelt,thehimalayantimes.com
2018-05-13,"Nepse loses 17.7pts to close at 1,348 - Money",https://kathmandupost.ekantipur.com/news/2018-05-13/nepse-loses-177pts-to-close-at-1348.html,gdelt,gdelt,kathmandupost.ekantipur.com
2018-05-14,NEPSE falls by double digit,https://thehimalayantimes.com/nepal/nepse-falls-by-double-digit/,gdelt,gdelt,thehimalayantimes.com
2018-05-19,Margin trading system gets Sebon approval - Money,http://kathmandupost.ekantipur.com/news/2018-05-19/margin-trading-system-gets-sebon-approval.html,gdelt,gdelt,kathmandupost.ekantipur.com
2018-05-20,Nepse index posts loss of 0.65pc,http://kathmandupost.ekantipur.com/news/2018-05-20/nepse-index-posts-loss-of-065pc.html,gdelt,gdelt,kathmandupost.ekantipur.com
2018-05-20,Benchmark index marginally down,https://thehimalayantimes.com/business/benchmark-index-marginally-down/,gdelt,gdelt,thehimalayantimes.com
2018-05-26,"Rich wives , poor husbands ! - Saturday Features",http://kathmandupost.ekantipur.com/news/2018-05-26/rich-wives-poor-husbands.html,gdelt,gdelt,kathmandupost.ekantipur.com
2018-05-27,Nepse index slides by 21.43 points - Money,http://kathmandupost.ekantipur.com/news/2018-05-27/nepse-index-slides-by-2143-points.html,gdelt,gdelt,kathmandupost.ekantipur.com
2018-05-27,Nepse index remains southbound,https://thehimalayantimes.com/business/nepse-index-remains-southbound/,gdelt,gdelt,thehimalayantimes.com
2018-06-03,Nepse index falls by 10.56 points - Money,http://kathmandupost.ekantipur.com/news/2018-06-03/nepse-index-falls-by-1056-points.html,gdelt,gdelt,kathmandupost.ekantipur.com
2018-06-03,Nepse index sheds 10.56 points,https://thehimalayantimes.com/business/nepse-index-sheds-10-56-points/,gdelt,gdelt,thehimalayantimes.com
2018-06-04,Hike in capital gains tax plunges Nepse by 33.71pts - Money,http://kathmandupost.ekantipur.com/news/2018-06-04/hike-in-capital-gains-tax-plunges-nepse-by-3371pts.html,gdelt,gdelt,kathmandupost.ekantipur.com
2018-06-05,Stock traders protest against new tax rates - Money,http://kathmandupost.ekantipur.com/news/2018-06-05/stock-traders-protest-against-new-tax-rates.html,gdelt,gdelt,kathmandupost.ekantipur.com
2018-06-05,Protesting stock investors call brokerage firms to halt share trading,https://thehimalayantimes.com/business/protesting-stock-investors-call-brokerage-firms-to-halt-share-trading/,gdelt,gdelt,thehimalayantimes.com
2018-06-05,Stock traders halt all trades in protest of new tax rates - Money,http://kathmandupost.ekantipur.com/news/2018-06-05/stock-traders-halt-all-trades-in-protest-of-new-tax-rates.html,gdelt,gdelt,kathmandupost.ekantipur.com
2018-06-05,Nepalese stock traders continue protest against the government decision to impose the capital gains tax threshold on the sale of bonus and rights shares - Review Nepal News,http://reviewnepal.com/business/nepalese-stock-traders-continue-protest-against-the-government-decision-to-impose-the-capital-gains-tax-threshold-on-the-sale-of-bonus-and-rights-shares.html,gdelt,gdelt,reviewnepal.com
2018-06-06,Brokers boycott trading on Nepse for whole day - Money,http://kathmandupost.ekantipur.com/news/2018-06-06/brokers-boycott-trading-on-nepse-for-whole-day.html,gdelt,gdelt,kathmandupost.ekantipur.com
2018-06-06,Share investors halt stock trading,https://thehimalayantimes.com/business/share-investors-halt-stock-trading/,gdelt,gdelt,thehimalayantimes.com
2018-06-06,Brokers boycott trading on Nepse for whole day - Money,https://kathmandupost.ekantipur.com/news/2018-06-06/brokers-boycott-trading-on-nepse-for-whole-day.html,gdelt,gdelt,kathmandupost.ekantipur.com
2018-06-06,Govt withdraws decision to revise CGT threshold on sale of bonus & right shares - National,http://kathmandupost.ekantipur.com/news/2018-06-06/govt-withdraws-decision-to-revise-cgt-threshold-on-sale-of-bonus-right-shares.html,gdelt,gdelt,kathmandupost.ekantipur.com
2018-06-06,Stock brokers,http://kathmandupost.ekantipur.com/tag/stock+brokers,gdelt,gdelt,kathmandupost.ekantipur.com
2018-06-06,"From the Kathmandu Press : Wednesday , June 6,2018 – OnlineKhabar",http://english.onlinekhabar.com/from-the-kathmandu-press-wednesday-june-6-2018.html,gdelt,gdelt,english.onlinekhabar.com
2018-06-06,Govt withdraws its decision to increase CGT on shares,http://nepalireporter.com/cgt-on-shares/,gdelt,gdelt,nepalireporter.com
2018-06-06,Stock traders halt strike after government agreed to withdraw controversial directive to impose the capital gains tax - Review Nepal News,http://reviewnepal.com/global/stock-traders-halt-strike-after-government-agreed-to-withdraw-controversial-directive-to-impose-the-capital-gains-tax.html,gdelt,gdelt,reviewnepal.com
2018-06-06,IFC may extend $15m financing to Nepal Global IME Bank,https://www.dealstreetasia.com/stories/ifc-may-extend-15m-to-global-ime-bank-in-nepal-99287/,gdelt,gdelt,dealstreetasia.com
2018-06-07,Govt rolls back decision to hike CGT threshold - Money,http://kathmandupost.ekantipur.com/news/2018-06-07/govt-rolls-back-decision-to-hike-cgt-threshold.html,gdelt,gdelt,kathmandupost.ekantipur.com
2018-06-07,Share trading resumes,https://thehimalayantimes.com/nepal/share-trading-resumes/,gdelt,gdelt,thehimalayantimes.com
2018-06-07,EDITORIAL : Bearish move,https://thehimalayantimes.com/opinion/editorial-bearish-move/,gdelt,gdelt,thehimalayantimes.com
2018-06-07,NEPSE dips by double digit,http://nepalireporter.com/nepse-dips/,gdelt,gdelt,nepalireporter.com
2018-06-09,Govt mulling policies to stabilise Nepse - Money,http://kathmandupost.ekantipur.com/news/2018-06-09/govt-mulling-policies-to-stabilise-nepse.html,gdelt,gdelt,kathmandupost.ekantipur.com
2018-06-10,Boycott plunges Nepse by 50.29pts - Money,http://kathmandupost.ekantipur.com/news/2018-06-10/boycott-plunges-nepse-by-5029pts.html,gdelt,gdelt,kathmandupost.ekantipur.com
2018-06-10,CGT dispute weighs on benchmark index,https://thehimalayantimes.com/business/cgt-dispute-weighs-on-benchmark-index/,gdelt,gdelt,thehimalayantimes.com
2018-06-11,Uncertainty on CGT calculation hits stock market,https://thehimalayantimes.com/business/uncertainty-on-cgt-calculation-hits-stock-market/,gdelt,gdelt,thehimalayantimes.com
2018-06-13,NIC Asia and Nabil Investment sign agreement – People Review,http://peoplesreview.com.np/2018/06/13/nic-asia-and-nabil-investment-sign-agreement/,gdelt,gdelt,peoplesreview.com.np
2018-06-16,NIC Asia and Nabil Investment sign Agreement .,https://www.thefreelibrary.com/NIC+Asia+and+Nabil+Investment+sign+Agreement.-a0542582074,gdelt,gdelt,thefreelibrary.com
2018-06-17,Nepse index posts gain of 15.66pts - Money,http://kathmandupost.ekantipur.com/news/2018-06-17/nepse-index-posts-gain-of-1566pts.html,gdelt,gdelt,kathmandupost.ekantipur.com
2018-06-17,CGT concerns weigh on investor sentiment,https://thehimalayantimes.com/business/cgt-concerns-weigh-on-investors-sentiment/,gdelt,gdelt,thehimalayantimes.com
2018-06-17,Nepse index posts gain of 15.66pts - Money,https://kathmandupost.ekantipur.com/news/2018-06-17/nepse-index-posts-gain-of-1566pts.html,gdelt,gdelt,kathmandupost.ekantipur.com
2018-06-18,Nepse ends lackluster session in the red,http://myrepublica.nagariknetwork.com/news/nepse-ends-lackluster-session-in-the-red/,gdelt,gdelt,myrepublica.nagariknetwork.com
2018-06-20,Inside Foolish Indexes,https://www.fool.com/investing/2018/06/20/inside-foolish-indexes.aspx,gdelt,gdelt,fool.com
2018-06-20,Inside Foolish Indexes,https://www.fool.com/investing/2018/06/20/inside-foolish-indexes.aspx?source=iedfolrf0000001,gdelt,gdelt,fool.com
2018-06-22,Nepse ends flat in sluggish session,http://myrepublica.nagariknetwork.com/news/nepse-ends-flat-in-sluggish-session/,gdelt,gdelt,myrepublica.nagariknetwork.com
2018-06-22,Shivam Cement IPO set to be a milestone - Money,http://kathmandupost.ekantipur.com/news/2018-06-22/shivam-cements-ipo-set-to-be-a-milestone.html,gdelt,gdelt,kathmandupost.ekantipur.com
2018-06-22,Shivam Cement first cement producer to IPO in Nepal,https://www.cemnet.com/News/story/164304/shivam-cement-first-cement-producer-to-ipo-in-nepal.html,gdelt,gdelt,cemnet.com
2018-06-23,Nepse posts weekly decline as stocks fail to hold ground,http://myrepublica.nagariknetwork.com/news/nepse-posts-weekly-decline-as-stocks-fail-to-hold-ground/,gdelt,gdelt,myrepublica.nagariknetwork.com
2018-06-24,Automated online trading system from July 17,http://myrepublica.nagariknetwork.com/news/automated-online-trading-system-from-july-17/,gdelt,gdelt,myrepublica.nagariknetwork.com
2018-06-24,Nepse index plunges 28.84 points - Money,http://kathmandupost.ekantipur.com/news/2018-06-24/nepse-index-plunges-2884-points.html,gdelt,gdelt,kathmandupost.ekantipur.com
2018-06-24,Benchmark index plunges by 2.31 per cent,https://thehimalayantimes.com/business/benchmark-index-plunges-by-2-31-per-cent/,gdelt,gdelt,thehimalayantimes.com
2018-06-25,Nepse drops 9.72 points - National,http://kathmandupost.ekantipur.com/news/2018-06-25/nepse-drops-972-points.html,gdelt,gdelt,kathmandupost.ekantipur.com
2018-06-26,Nepse wipes out two - day gains,http://myrepublica.nagariknetwork.com/news/nepse-wipes-out-two-day-gains/,gdelt,gdelt,myrepublica.nagariknetwork.com
2018-06-27,"Nepse below 1,200 points as stocks extend losses",http://myrepublica.nagariknetwork.com/news/nepse-below-1-200-points-as-stocks-extend-losses/,gdelt,gdelt,myrepublica.nagariknetwork.com
2018-06-27,"Nepse retreats below 1,200 - point threshold",https://thehimalayantimes.com/business/nepse-retreats-below-1200-point-threshold/,gdelt,gdelt,thehimalayantimes.com
2018-06-28,Upakar sunflower oil now in market,http://myrepublica.nagariknetwork.com/news/upakar-sunflower-oil-now-in-market/,gdelt,gdelt,myrepublica.nagariknetwork.com
2018-06-28,Nepse recovers slightly after two days of loss,http://myrepublica.nagariknetwork.com/news/nepse-recovers-slightly-after-two-days-of-loss/,gdelt,gdelt,myrepublica.nagariknetwork.com
2018-06-28,Agricultural ministry unveils 100 - day work progress report,http://myrepublica.nagariknetwork.com/news/agricultural-ministry-unveils-100-day-work-progress-report/,gdelt,gdelt,myrepublica.nagariknetwork.com
2018-06-28,Govt taskforce yet to come up with recommendation,http://myrepublica.nagariknetwork.com/news/govt-taskforce-yet-to-come-up-with-recommendation/,gdelt,gdelt,myrepublica.nagariknetwork.com
2018-06-28,Turkish launches Wireless In - Flight Entertainment System,http://myrepublica.nagariknetwork.com/news/turkish-launches-wireless-in-flight-entertainment-system/,gdelt,gdelt,myrepublica.nagariknetwork.com
2018-06-28,Petrol theft by tanker driver on the rise in Pyuthan,http://myrepublica.nagariknetwork.com/news/petrol-theft-by-tanker-driver-on-the-rise-in-pyuthan/,gdelt,gdelt,myrepublica.nagariknetwork.com
2018-06-28,Rs174b wiped out from Nepse market value - Money,http://kathmandupost.ekantipur.com/news/2018-06-28/rs174b-wiped-out-from-nepse-market-value.html,gdelt,gdelt,kathmandupost.ekantipur.com
2018-06-29,Open data for transparency : Key to economic development,https://thehimalayantimes.com/temp/open-data-for-transparency-key-to-economic-development/,gdelt,gdelt,thehimalayantimes.com
2018-06-30,Lack of direct air connectivity stifling Sri Lanka - Nepal tourism,http://myrepublica.nagariknetwork.com/news/lack-of-direct-air-connectivity-stifling-sri-lanka-nepal-tourism/,gdelt,gdelt,myrepublica.nagariknetwork.com
2018-07-01,Nepse stumbles by nearly 20 points - Money,http://kathmandupost.ekantipur.com/news/2018-07-01/nepse-stumbles-by-nearly-20-points.html,gdelt,gdelt,kathmandupost.ekantipur.com
2018-07-01,"Credit crunch , unclear policies dampen mood",https://thehimalayantimes.com/business/credit-crunch-unclear-policies-dampen-mood/,gdelt,gdelt,thehimalayantimes.com
2018-07-02,Selling pressure hits secondary market,https://thehimalayantimes.com/business/selling-pressure-hits-secondary-market/,gdelt,gdelt,thehimalayantimes.com
2018-07-02,Nepse kicks off week with loss,http://myrepublica.nagariknetwork.com/news/nepse-kicks-off-week-with-loss/,gdelt,gdelt,myrepublica.nagariknetwork.com
2018-07-02,Nepse falls by 4.82 points - Money,http://kathmandupost.ekantipur.com/news/2018-07-02/nepse-falls-by-482-points.html,gdelt,gdelt,kathmandupost.ekantipur.com
2018-07-03,Hundreds stuck in Simikot as bad weather affects flights,http://myrepublica.nagariknetwork.com/news/hundreds-stuck-in-simikot-as-bad-weather-affects-flights/,gdelt,gdelt,myrepublica.nagariknetwork.com
2018-07-03,FPOs fail to attract investors,http://myrepublica.nagariknetwork.com/news/fpos-fail-to-attract-investors/,gdelt,gdelt,myrepublica.nagariknetwork.com
2018-07-03,Entrepreneurs want more tourism budget for Pokhara,http://myrepublica.nagariknetwork.com/news/entrepreneurs-want-more-tourism-budget-for-pokhara/,gdelt,gdelt,myrepublica.nagariknetwork.com
2018-07-03,Nepse edges lower as stocks fail to hold gains,http://myrepublica.nagariknetwork.com/news/nepse-edges-lower-as-stocks-fail-to-hold-gains/,gdelt,gdelt,myrepublica.nagariknetwork.com
2018-07-03,Nepse to test software before going online,http://kathmandupost.ekantipur.com/news/2018-07-03/nepse-to-test-software-before-going-online.html,gdelt,gdelt,kathmandupost.ekantipur.com
2018-07-03,NEPSE index slightly up today,http://myrepublica.nagariknetwork.com/news/nepse-index-slightly-up-today/,gdelt,gdelt,myrepublica.nagariknetwork.com
2018-07-04,CDSCL warns investors against using Mero Share app,http://myrepublica.nagariknetwork.com/news/cdscl-warns-investors-against-using-mero-share-app/,gdelt,gdelt,myrepublica.nagariknetwork.com
2018-07-04,Stocks end flat in choppy session,http://myrepublica.nagariknetwork.com/news/stocks-end-flat-in-choppy-session/,gdelt,gdelt,myrepublica.nagariknetwork.com
2018-07-05,Nepse edges higher despite modest turnover,http://myrepublica.nagariknetwork.com/news/nepse-edges-higher-despite-modest-turnover/,gdelt,gdelt,myrepublica.nagariknetwork.com
2018-07-05,NRA CEO Bhusal sacked without due process,http://myrepublica.nagariknetwork.com/news/nra-ceo-bhusal-sacked-without-due-process/,gdelt,gdelt,myrepublica.nagariknetwork.com
2018-07-06,Stocks rally as investors await monetary policy,http://myrepublica.nagariknetwork.com/news/stocks-rally-as-investors-await-monetary-policy/,gdelt,gdelt,myrepublica.nagariknetwork.com
2018-07-06,Deuba - appointed officials dumped - National,http://kathmandupost.ekantipur.com/news/2018-07-06/deuba-appointed-officials-dumped.html,gdelt,gdelt,kathmandupost.ekantipur.com
2018-07-07,Nepse ends week with solid gains,http://myrepublica.nagariknetwork.com/news/nepse-ends-week-with-solid-gains/,gdelt,gdelt,myrepublica.nagariknetwork.com
2018-07-07,Share market closes with 39.88 points increase this week,http://myrepublica.nagariknetwork.com/news/share-market-closes-with-39-88-points-increase-this-week/,gdelt,gdelt,myrepublica.nagariknetwork.com
2018-07-08,"Nepse jumps 25pts to close at 1,224 - Money",http://kathmandupost.ekantipur.com/news/2018-07-08/nepse-jumps-25pts-to-close-at-1224.html,gdelt,gdelt,kathmandupost.ekantipur.com
2018-07-08,Local bourse snaps nine - week losing streak,https://thehimalayantimes.com/business/local-bourse-snaps-nine-week-losing-streak/,gdelt,gdelt,thehimalayantimes.com
2018-07-09,"NEPSE CEO Aryal assumes office , market dips 18.33 points",https://thehimalayantimes.com/business/nepse-ceo-aryal-assumes-office-market-dips-18-33-points/,gdelt,gdelt,thehimalayantimes.com
2018-07-10,Aryal assumes duty,https://thehimalayantimes.com/business/aryal-assumes-duty/,gdelt,gdelt,thehimalayantimes.com
2018-07-10,"Sebon to launch One Nepali , One Demat Account campaign",http://myrepublica.nagariknetwork.com/news/sebon-to-launch-one-nepali-one-demat-account-campaign/,gdelt,gdelt,myrepublica.nagariknetwork.com
2018-07-10,Govt hiding budget transfer details since February,http://myrepublica.nagariknetwork.com/news/govt-hiding-budget-transfer-details-since-february/,gdelt,gdelt,myrepublica.nagariknetwork.com
2018-07-10,"To retain youths in villages , rural municipality initiates loans against educational certificates",http://myrepublica.nagariknetwork.com/news/to-retain-youths-in-villages-rural-municipality-initiates-loans-against-educational-certificates/,gdelt,gdelt,myrepublica.nagariknetwork.com
2018-07-10,Govt mulls allowing Nepal Army to revive Hetauda Textile Industry,http://myrepublica.nagariknetwork.com/news/govt-mulls-allowing-nepal-army-to-revive-hetauda-textile-industry/,gdelt,gdelt,myrepublica.nagariknetwork.com
2018-07-10,China chili fest gets off to scorching star,http://myrepublica.nagariknetwork.com/news/china-chili-fest-gets-off-to-scorching-star/,gdelt,gdelt,myrepublica.nagariknetwork.com
2018-07-10,Stocks on losing spree,http://myrepublica.nagariknetwork.com/news/stocks-on-losing-spree/,gdelt,gdelt,myrepublica.nagariknetwork.com
2018-07-10,Samsung opens world largest phone factory in India,http://myrepublica.nagariknetwork.com/news/samsung-opens-world-s-largest-phone-factory-in-india/,gdelt,gdelt,myrepublica.nagariknetwork.com
2018-07-10,Jhapa farmers quitting tea farming,http://myrepublica.nagariknetwork.com/news/jhapa-farmers-quitting-tea-farming/,gdelt,gdelt,myrepublica.nagariknetwork.com
2018-07-11,Nepse ends flat after paring early gains,http://myrepublica.nagariknetwork.com/news/nepse-ends-flat-after-paring-early-gains/,gdelt,gdelt,myrepublica.nagariknetwork.com
2018-07-11,Sebon mulling new rule to stop insider trading - Money,http://kathmandupost.ekantipur.com/news/2018-07-11/sebon-mulling-new-rule-to-stop-insider-trading.html,gdelt,gdelt,kathmandupost.ekantipur.com
2018-07-12,Stocks close flat amid monetary policy announcement,http://myrepublica.nagariknetwork.com/news/stocks-close-flat-amid-monetary-policy-announcement/,gdelt,gdelt,myrepublica.nagariknetwork.com
2018-07-13,Monetary policy falls short - Money,http://kathmandupost.ekantipur.com/news/2018-07-13/monetary-policy-falls-short.html,gdelt,gdelt,kathmandupost.ekantipur.com
2018-07-13,Government prepares to issue microinsurance license,http://myrepublica.nagariknetwork.com/news/government-prepares-to-issue-microinsurance-license/,gdelt,gdelt,myrepublica.nagariknetwork.com
2018-07-13,Nepse down as monetary policy fails to appease investors,http://myrepublica.nagariknetwork.com/news/nepse-down-as-monetary-policy-fails-to-appease-investors/,gdelt,gdelt,myrepublica.nagariknetwork.com
2018-07-13,Monetary Policy a mixed bag for pvt sector,http://myrepublica.nagariknetwork.com/news/monetary-policy-a-mixed-bag-for-pvt-sector/,gdelt,gdelt,myrepublica.nagariknetwork.com
2018-07-13,Japan provides Rs 274.1 million grant assistance for JDS Scheme,http://myrepublica.nagariknetwork.com/news/japan-provides-rs-274-1-million-grant-assistance-for-jds-scheme/,gdelt,gdelt,myrepublica.nagariknetwork.com
2018-07-13,"Power generations from Trishuli , Devighat stations halts",http://myrepublica.nagariknetwork.com/news/power-generations-from-trishuli-devighat-stations-halts/,gdelt,gdelt,myrepublica.nagariknetwork.com
2018-07-14,Only five percent of tea farmers take loans to expand business : Report,https://myrepublica.nagariknetwork.com/news/only-five-percent-of-tea-farmers-take-loans-to-expand-business-report/,gdelt,gdelt,myrepublica.nagariknetwork.com
2018-07-14,Nabil Bank signs MoU with NBI,https://myrepublica.nagariknetwork.com/news/nabil-bank-signs-mou-with-nbi/,gdelt,gdelt,myrepublica.nagariknetwork.com
2018-07-14,Public shares to be listed immediately after allotment,https://myrepublica.nagariknetwork.com/news/public-shares-to-be-listed-immediately-after-allotment/,gdelt,gdelt,myrepublica.nagariknetwork.com
2018-07-14,Farmers worried as India halts tomato exports via Kakarbhitta,https://myrepublica.nagariknetwork.com/news/farmers-worried-as-india-halts-tomato-exports-via-kakarbhitta/,gdelt,gdelt,myrepublica.nagariknetwork.com
2018-07-14,Little - known Marsi rice is suddenly in high demand,https://myrepublica.nagariknetwork.com/news/little-known-marsi-rice-is-suddenly-in-high-demand/,gdelt,gdelt,myrepublica.nagariknetwork.com
2018-07-14,Nepse ends week lower despite increased market activity,https://myrepublica.nagariknetwork.com/news/nepse-ends-week-lower-despite-increased-market-activity/,gdelt,gdelt,myrepublica.nagariknetwork.com
2018-07-14,"Local level to have 57,690 employees",https://myrepublica.nagariknetwork.com/news/local-level-to-have-57-690-employees/,gdelt,gdelt,myrepublica.nagariknetwork.com
2018-07-14,Online share trading on the cards,https://thehimalayantimes.com/business/automated-share-trading-on-the-cards/,gdelt,gdelt,thehimalayantimes.com
2018-07-15,Broker license to bank subsidiary draws mixed reaction,https://myrepublica.nagariknetwork.com/news/broker-license-to-bank-subsidiary-draws-mixed-reaction/,gdelt,gdelt,myrepublica.nagariknetwork.com
2018-07-15,Monetary policy drags Nepse down - Money,http://kathmandupost.ekantipur.com/news/2018-07-15/monetary-policy-drags-nepse-down.html,gdelt,gdelt,kathmandupost.ekantipur.com
2018-07-15,Monetary Policy fails to lift benchmark index,https://thehimalayantimes.com/business/monetary-policy-fails-to-lift-benchmark-index/,gdelt,gdelt,thehimalayantimes.com
2018-07-16,Nepse directed to conduct biennial system audit - Money,http://kathmandupost.ekantipur.com/news/2018-07-16/nepse-directed-to-conduct-biennial-system-audit.html,gdelt,gdelt,kathmandupost.ekantipur.com
2018-07-16,Nepse to start online trading tomorrow,https://thehimalayantimes.com/business/nepse-to-start-online-trading-tomorrow/,gdelt,gdelt,thehimalayantimes.com
2018-07-16,SC stays sacking of political appointees,https://thehimalayantimes.com/kathmandu/sc-stays-sacking-of-political-appointees/,gdelt,gdelt,thehimalayantimes.com
2018-07-17,Nepal Stock Exchange ends fiscal year on a high,https://myrepublica.nagariknetwork.com/news/nepal-stock-exchange-ends-fiscal-year-on-a-high/,gdelt,gdelt,myrepublica.nagariknetwork.com
2018-07-17,Nepal Stock Exchange goes fully online today - Money,http://kathmandupost.ekantipur.com/news/2018-07-17/nepal-stock-exchange-goes-fully-online-today.html,gdelt,gdelt,kathmandupost.ekantipur.com
2018-07-17,NEPSE again on bearish run,https://myrepublica.nagariknetwork.com/news/nepse-again-on-bearish-run/,gdelt,gdelt,myrepublica.nagariknetwork.com
2018-07-17,NEPSE on bearish run again,https://thehimalayantimes.com/business/nepse-again-on-bearish-run/,gdelt,gdelt,thehimalayantimes.com
2018-07-17,Supreme Court Reinstates Nikita Poudel | New Spotlight Magazine,https://www.spotlightnepal.com/2018/07/17/supreme-court-reinstates-nikita-poudel/,gdelt,gdelt,spotlightnepal.com
2018-07-18,Nepse rolls out online trading system,https://myrepublica.nagariknetwork.com/news/nepse-rolls-out-online-trading-system/,gdelt,gdelt,myrepublica.nagariknetwork.com
2018-07-18,Nepse begins new fiscal year on a weak note,https://myrepublica.nagariknetwork.com/news/nepse-begins-new-fiscal-year-on-a-weak-note/,gdelt,gdelt,myrepublica.nagariknetwork.com
2018-07-19,Trading halted for two hours on Nepse - Money - The Kathmandu Post,http://kathmandupost.ekantipur.com/news/2018-07-19/trading-halted-for-two-hours-on-nepse.html,gdelt,gdelt,kathmandupost.ekantipur.com
2018-07-19,"Daily limit for digital payments raised to Rs 50,000 from Rs 5,000",https://thehimalayantimes.com/business/daily-limit-for-digital-payments-raised-to-rs-50000-from-rs-5000/,gdelt,gdelt,thehimalayantimes.com
2018-07-19,Study panel seeks additional time to develop CGT calculation mechanism,https://thehimalayantimes.com/business/study-panel-seeks-additional-time-to-develop-cgt-calculation-mechanism/,gdelt,gdelt,thehimalayantimes.com
2018-07-19,Stocks struggle in lackluster session,https://myrepublica.nagariknetwork.com/news/stocks-struggle-in-lackluster-session/,gdelt,gdelt,myrepublica.nagariknetwork.com
2018-07-19,Nepse falls for third straight day,https://myrepublica.nagariknetwork.com/news/nepse-falls-for-third-straight-day/,gdelt,gdelt,myrepublica.nagariknetwork.com
2018-07-21,Nepse closes week nearly flat despite initial surge,https://myrepublica.nagariknetwork.com/news/nepse-closes-week-nearly-flat-despite-initial-surge/,gdelt,gdelt,myrepublica.nagariknetwork.com
2018-07-22,Nepse posts marginal gain of 1.41pts - Money - The Kathmandu Post,http://kathmandupost.ekantipur.com/news/2018-07-22/nepse-posts-marginal-gain-of-141pts.html,gdelt,gdelt,kathmandupost.ekantipur.com
2018-07-22,Secondary market witnesses slight gain,https://thehimalayantimes.com/business/secondary-market-witnesses-slight-gain/,gdelt,gdelt,thehimalayantimes.com
2018-07-22,Nepse posts marginal gain of 1.41pts - Money - The Kathmandu Post,https://kathmandupost.ekantipur.com/news/2018-07-22/nepse-posts-marginal-gain-of-141pts.html,gdelt,gdelt,kathmandupost.ekantipur.com
2018-07-23,Bearish spell continues amid lackluster trading,https://myrepublica.nagariknetwork.com/news/bearish-spell-continues-amid-lackluster-trading/,gdelt,gdelt,myrepublica.nagariknetwork.com
2018-07-24,Stocks end in green after four straight losing sessions,https://myrepublica.nagariknetwork.com/news/stocks-end-in-green-after-four-straight-losing-sessions/,gdelt,gdelt,myrepublica.nagariknetwork.com
2018-07-25,Nepse closes higher for second consecutive day,https://myrepublica.nagariknetwork.com/news/nepse-closes-higher-for-second-consecutive-day/,gdelt,gdelt,myrepublica.nagariknetwork.com
2018-07-25,Most mutual fund unitstrading below face value,https://myrepublica.nagariknetwork.com/news/most-mutual-fund-units-trading-below-face-value/,gdelt,gdelt,myrepublica.nagariknetwork.com
2018-07-25,Shares worth Rs78.59 billion listed on Nepse - Money,http://kathmandupost.ekantipur.com/news/2018-07-25/shares-worth-rs7859-billion-listed-on-nepse.html,gdelt,gdelt,kathmandupost.ekantipur.com
2018-07-26,Stocks falter in low turnover session,https://myrepublica.nagariknetwork.com/news/stocks-falter-in-low-turnover-session/,gdelt,gdelt,myrepublica.nagariknetwork.com
2018-07-26,How to get access to online stock trading in Nepal,https://www.quora.com/How-can-I-get-access-to-online-stock-trading-in-Nepal,gdelt,gdelt,quora.com
2018-07-27,Nepse sees modest drop,https://myrepublica.nagariknetwork.com/news/nepse-sees-modest-drop/,gdelt,gdelt,myrepublica.nagariknetwork.com
2018-07-28,Nepse posts modest weekly loss as consolidation continues,https://myrepublica.nagariknetwork.com/news/nepse-posts-modest-weekly-loss-as-consolidation-continues/,gdelt,gdelt,myrepublica.nagariknetwork.com
2018-07-29,High interest rates drags Nepse down - Money - The Kathmandu Post,http://kathmandupost.ekantipur.com/news/2018-07-29/high-interest-rates-drags-nepse-down.html,gdelt,gdelt,kathmandupost.ekantipur.com
2018-07-29,Secondary bourse in downward trend,https://thehimalayantimes.com/business/secondary-bourse-in-downward-trend/,gdelt,gdelt,thehimalayantimes.com
2018-07-29,High interest rates drags Nepse down - Money - The Kathmandu Post,https://kathmandupost.ekantipur.com/news/2018-07-29/high-interest-rates-drags-nepse-down.html,gdelt,gdelt,kathmandupost.ekantipur.com
2018-07-30,Nepse begins week with marginal gains,https://myrepublica.nagariknetwork.com/news/nepse-begins-week-with-marginal-gains/,gdelt,gdelt,myrepublica.nagariknetwork.com
2018-07-30,Know your company - Oped - The Kathmandu Post,http://kathmandupost.ekantipur.com/news/2018-07-30/know-your-company.html,gdelt,gdelt,kathmandupost.ekantipur.com
2018-07-30,Nepse to allow stockbrokers to float margin loans,https://thehimalayantimes.com/business/nepse-to-allow-stockbrokers-to-float-margin-loans/,gdelt,gdelt,thehimalayantimes.com
2018-07-30,"Nepal Stock Exchange July 22 - 28,2018 : Dip in Market Index",https://www.nepalisansar.com/news/nepal-stock-exchange-july-22-28-2018-dip-in-market-index/,gdelt,gdelt,nepalisansar.com
2018-07-31,Stocks close flat despite improved market activity,https://myrepublica.nagariknetwork.com/news/stocks-close-flat-despite-improved-market-activity-1/,gdelt,gdelt,myrepublica.nagariknetwork.com
2018-07-31,Stocks close flat despite improved market activity,https://myrepublica.nagariknetwork.com/news/stocks-close-flat-despite-improved-market-activity/,gdelt,gdelt,myrepublica.nagariknetwork.com
2018-08-01,Bearish spell continues in Nepse,https://myrepublica.nagariknetwork.com/news/bearish-spell-continues-in-nepse/,gdelt,gdelt,myrepublica.nagariknetwork.com
2018-08-01,Central bank gives green signal to margin trading - Money,http://kathmandupost.ekantipur.com/news/2018-08-01/central-bank-gives-green-signal-to-margin-trading.html,gdelt,gdelt,kathmandupost.ekantipur.com
2018-08-01,Bearish spell continues in Nepse,https://myrepublica.nagariknetwork.com/news/bearish-spell-continues-in-nepse-1/,gdelt,gdelt,myrepublica.nagariknetwork.com
2018-09-01,Nepse posts weekly gain as stocks try to stabilize,https://myrepublica.nagariknetwork.com/news/nepse-posts-weekly-gain-as-stocks-try-to-stabilize-1/,gdelt,gdelt,myrepublica.nagariknetwork.com
2018-09-02,Nepse sees marginal gain of 3.19pts - Money - The Kathmandu Post,http://kathmandupost.ekantipur.com/news/2018-09-02/nepse-sees-marginal-gain-of-319pts.html,gdelt,gdelt,kathmandupost.ekantipur.com
2018-09-02,Benchmark index edges up slightly,https://thehimalayantimes.com/business/benchmark-index-edges-up-slightly/,gdelt,gdelt,thehimalayantimes.com
2018-09-03,Nepse starts week with moderate gains,https://myrepublica.nagariknetwork.com/news/nepse-starts-week-with-moderate-gains/,gdelt,gdelt,myrepublica.nagariknetwork.com
2018-09-03,Nepse jumps 15.98 points,https://myrepublica.nagariknetwork.com/news/nepse-jumps-15-98-points/,gdelt,gdelt,myrepublica.nagariknetwork.com
2018-09-04,The bulls and the bears - Oped - The Kathmandu Post,http://kathmandupost.ekantipur.com/news/2018-09-04/the-bulls-and-the-bears.html,gdelt,gdelt,kathmandupost.ekantipur.com
2018-09-04,Stocks post strong gains amid improved market activity,https://myrepublica.nagariknetwork.com/news/stocks-post-strong-gains-amid-improved-market-activity/,gdelt,gdelt,myrepublica.nagariknetwork.com
2018-09-05,Nepse continues gaining streak,https://myrepublica.nagariknetwork.com/news/nepse-continues-gaining-streak/,gdelt,gdelt,myrepublica.nagariknetwork.com
2018-09-06,"Nepse posts solid gains , rises for fifth straight day",https://myrepublica.nagariknetwork.com/news/nepse-posts-solid-gains-rises-for-fifth-straight-day/,gdelt,gdelt,myrepublica.nagariknetwork.com
2018-09-06,Nepse up 1.97pc - The Himalayan Times,https://thehimalayantimes.com/business/nepse-up-1-97pc/,gdelt,gdelt,thehimalayantimes.com
2018-09-07,Nepse rebound stalls after volatile trading,https://myrepublica.nagariknetwork.com/news/nepse-rebound-stalls-after-volatile-trading/,gdelt,gdelt,myrepublica.nagariknetwork.com
2018-09-08,Nepse closes week on a firmly higher note,https://myrepublica.nagariknetwork.com/news/nepse-closes-week-on-a-firmly-higher-note/,gdelt,gdelt,myrepublica.nagariknetwork.com
2018-09-09,"Investors flock to Nepse , up 48.08pts - Money - The Kathmandu Post",http://kathmandupost.ekantipur.com/news/2018-09-09/investors-flock-to-nepse-up-4808pts.html,gdelt,gdelt,kathmandupost.ekantipur.com
2018-09-09,Investor optimism lifts local bourse,https://thehimalayantimes.com/business/investor-optimism-lifts-local-bourse/,gdelt,gdelt,thehimalayantimes.com
2018-09-09,Nepse begins week in red,https://myrepublica.nagariknetwork.com/news/nepse-begins-week-in-red/,gdelt,gdelt,myrepublica.nagariknetwork.com
2018-09-10,Nepse fails to start online trading,https://thehimalayantimes.com/business/nepse-fails-to-start-online-trading/,gdelt,gdelt,thehimalayantimes.com
2018-09-10,NEPSE index continues to dip,https://myrepublica.nagariknetwork.com/news/nepse-index-continues-to-dip-1/,gdelt,gdelt,myrepublica.nagariknetwork.com
2018-09-11,Hitch delays launch of online trading system - Money,http://kathmandupost.ekantipur.com/news/2018-09-11/hitch-delays-launch-of-online-trading-system.html,gdelt,gdelt,kathmandupost.ekantipur.com
2018-09-11,Nepse jumps 6.77 points today,https://myrepublica.nagariknetwork.com/news/nepse-jumps-6-77-points-today/,gdelt,gdelt,myrepublica.nagariknetwork.com
2018-09-12,"Nepse snaps 3 - day losing run , gains 7 points",https://myrepublica.nagariknetwork.com/news/nepse-snaps-3-day-losing-run-gains-7-points/,gdelt,gdelt,myrepublica.nagariknetwork.com
2018-09-13,Nepse rebound continues,https://myrepublica.nagariknetwork.com/news/nepse-rebound-continues/,gdelt,gdelt,myrepublica.nagariknetwork.com
2018-09-13,Nepse closes week on a high,https://myrepublica.nagariknetwork.com/news/nepse-closes-week-on-a-high/,gdelt,gdelt,myrepublica.nagariknetwork.com
2018-09-15,Nepse climbs for three straight weeks,https://myrepublica.nagariknetwork.com/news/nepse-climbs-for-three-straight-weeks/,gdelt,gdelt,myrepublica.nagariknetwork.com
2018-09-16,Nepse posts gain of 15.07 points - Money - The Kathmandu Post,http://kathmandupost.ekantipur.com/news/2018-09-16/nepse-posts-gain-of-1507-points.html,gdelt,gdelt,kathmandupost.ekantipur.com
2018-09-16,Easy accessibility of margin loans props up secondary market,https://thehimalayantimes.com/business/easy-accessibility-of-margin-loans-props-up-secondary-market/,gdelt,gdelt,thehimalayantimes.com
2018-09-17,Nepse stretches winning streak to four days,https://myrepublica.nagariknetwork.com/news/nepse-stretches-winning-streak-to-four-days/,gdelt,gdelt,myrepublica.nagariknetwork.com
2018-09-17,Unilever trading suspended,https://thehimalayantimes.com/business/unilevers-trading-suspended/,gdelt,gdelt,thehimalayantimes.com
2018-09-18,Nepse launches mock online trading system - Money,http://kathmandupost.ekantipur.com/news/2018-09-18/nepse-launches-mock-online-trading-system.html,gdelt,gdelt,kathmandupost.ekantipur.com
2018-09-18,Secondary market to launch mock online share trading today,https://thehimalayantimes.com/business/secondary-market-to-launch-mock-online-share-trading-today/,gdelt,gdelt,thehimalayantimes.com
2018-09-18,Nepse unchanged after four - day gaining streak,https://myrepublica.nagariknetwork.com/news/nepse-unchanged-after-four-day-gaining-streak/,gdelt,gdelt,myrepublica.nagariknetwork.com
2018-09-18,Online share - trading system to go live in two months,https://myrepublica.nagariknetwork.com/news/online-share-trading-system-to-go-live-in-two-months/,gdelt,gdelt,myrepublica.nagariknetwork.com
2018-09-20,NEPSE index suffers a modest dip,https://myrepublica.nagariknetwork.com/news/nepse-index-suffers-a-modest-dip/,gdelt,gdelt,myrepublica.nagariknetwork.com
2018-09-20,Stocks fluctuate before closing mildly lower,https://myrepublica.nagariknetwork.com/news/stocks-fluctuate-before-closing-mildly-lower/,gdelt,gdelt,myrepublica.nagariknetwork.com
2018-09-22,Nepse posts gains for four consecutive weeks,https://myrepublica.nagariknetwork.com/news/nepse-posts-gains-for-four-consecutive-weeks/,gdelt,gdelt,myrepublica.nagariknetwork.com
2018-09-23,Benchmark index in positive territory,https://thehimalayantimes.com/business/benchmark-index-in-positive-territory/,gdelt,gdelt,thehimalayantimes.com
2018-09-26,Nepse surges as turnover cross Rs . 1 billion mark,https://myrepublica.nagariknetwork.com/news/nepse-surges-as-turnover-cross-rs-1-billion-mark/,gdelt,gdelt,myrepublica.nagariknetwork.com
2018-09-27,Nepse ends week on a negative note,https://myrepublica.nagariknetwork.com/news/nepse-ends-week-on-a-negative-note/,gdelt,gdelt,myrepublica.nagariknetwork.com
2018-09-28,Nepse ends week on a negative note,https://myrepublica.nagariknetwork.com/news/nepse-ends-week-on-a-negative-note-1/,gdelt,gdelt,myrepublica.nagariknetwork.com
2018-09-29,Stocks up for a fifth straight week,https://myrepublica.nagariknetwork.com/news/stocks-up-for-a-fifth-straight-week/,gdelt,gdelt,myrepublica.nagariknetwork.com
2018-09-30,Dumping method blamed for urban garbage problems - General,http://kathmandupost.ekantipur.com/news/2018-09-30/dumping-method-blamed-for-urban-garbage-problems.html,gdelt,gdelt,kathmandupost.ekantipur.com
2018-09-30,Nepse index posts double digit gain - Money - The Kathmandu Post,http://kathmandupost.ekantipur.com/news/2018-09-30/nepse-index-posts-double-digit-gain.html,gdelt,gdelt,kathmandupost.ekantipur.com
2018-09-30,Investors flock to banking shares,https://thehimalayantimes.com/business/investors-flock-to-banking-shares/,gdelt,gdelt,thehimalayantimes.com
2018-10-01,Nepse stretches losses for third sraight day,https://myrepublica.nagariknetwork.com/news/nepse-stretches-losses-for-third-sraight-day/,gdelt,gdelt,myrepublica.nagariknetwork.com
2018-10-02,Nepse extends losing streak,https://myrepublica.nagariknetwork.com/news/nepse-extends-losing-streak/,gdelt,gdelt,myrepublica.nagariknetwork.com
2018-10-03,Nepse to keep data centre in its own building,https://thehimalayantimes.com/business/nepse-to-keep-data-centre-in-its-own-building/,gdelt,gdelt,thehimalayantimes.com
2018-10-03,Nepse snaps four - day losing streak,https://myrepublica.nagariknetwork.com/news/nepse-snaps-four-day-losing-streak/,gdelt,gdelt,myrepublica.nagariknetwork.com
2018-10-03,domestic share market suffered a two - digit fall - Review Nepal News,http://reviewnepal.com/business/domestic-share-market-suffered-a-two-digit-fall.html,gdelt,gdelt,reviewnepal.com
2018-10-03,Domestic share market again on bearish run,https://myrepublica.nagariknetwork.com/news/domestic-share-market-again-on-bearish-run/,gdelt,gdelt,myrepublica.nagariknetwork.com
2018-10-03,Nepal Stock Exchange settles data center location row,https://www.datacenterdynamics.com/news/nepal-stock-exchange-settles-data-center-location-row/,gdelt,gdelt,datacenterdynamics.com
2018-10-04,NEPSE index suffers modest dip,https://myrepublica.nagariknetwork.com/news/nepse-index-suffers-modest-dip/,gdelt,gdelt,myrepublica.nagariknetwork.com
2018-10-06,Nepse snaps five - week winning streak,https://myrepublica.nagariknetwork.com/news/nepse-snaps-five-week-winning-streak/,gdelt,gdelt,myrepublica.nagariknetwork.com
2018-10-06,NTC tops market capitalization rank,https://myrepublica.nagariknetwork.com/news/ntc-tops-market-capitalization-rank/,gdelt,gdelt,myrepublica.nagariknetwork.com
2018-10-07,Nepse plunges nearly 40 points - Money - The Kathmandu Post,http://kathmandupost.ekantipur.com/news/2018-10-07/nepse-plunges-nearly-40-points-20181007084632.html,gdelt,gdelt,kathmandupost.ekantipur.com
2018-10-07,Festive fever grips share market,https://thehimalayantimes.com/business/festive-fever-grips-share-market/,gdelt,gdelt,thehimalayantimes.com
2018-10-07,NEPSE posts double - digit fall on opening day,https://myrepublica.nagariknetwork.com/news/nepse-posts-double-digit-fall-on-opening-day/,gdelt,gdelt,myrepublica.nagariknetwork.com
2018-10-09,Nepse snaps losing run,https://myrepublica.nagariknetwork.com/news/nepse-snaps-losing-run/,gdelt,gdelt,myrepublica.nagariknetwork.com
2018-10-10,Market activity drops as Nepse fails to extend gains,https://myrepublica.nagariknetwork.com/news/market-activity-drops-as-nepse-fails-to-extend-gains/,gdelt,gdelt,myrepublica.nagariknetwork.com
2018-10-10,Nepse closes at 1218.33 points today,https://myrepublica.nagariknetwork.com/news/nepse-closes-at-1218-33-points-today/,gdelt,gdelt,myrepublica.nagariknetwork.com
2018-10-11,Nepse ends flat in lackluster trading,https://myrepublica.nagariknetwork.com/news/nepse-ends-flat-in-lackluster-trading/,gdelt,gdelt,myrepublica.nagariknetwork.com
2018-10-11,Market ends week on a positive note,https://myrepublica.nagariknetwork.com/news/market-ends-week-on-a-positive-note/,gdelt,gdelt,myrepublica.nagariknetwork.com
2018-10-14,Nepse index inches up 0.91 points - Money - The Kathmandu Post,http://kathmandupost.ekantipur.com/news/2018-10-14/nepse-index-inches-up-091-points.html,gdelt,gdelt,kathmandupost.ekantipur.com
2018-10-14,Secondary market increases slightly,https://thehimalayantimes.com/business/secondary-market-increases-slightly/,gdelt,gdelt,thehimalayantimes.com
2018-10-14,Share market enjoys a double - digit rise,https://myrepublica.nagariknetwork.com/news/share-market-enjoys-double-digit-rise/,gdelt,gdelt,myrepublica.nagariknetwork.com
2018-10-15,Stocks start week on a positive note,https://myrepublica.nagariknetwork.com/news/stocks-start-week-on-a-positive-note/,gdelt,gdelt,myrepublica.nagariknetwork.com
2018-10-16,Nepse unchanged ahead of Dashain holidays,https://myrepublica.nagariknetwork.com/news/nepse-unchanged-ahead-of-dashain-holidays/,gdelt,gdelt,myrepublica.nagariknetwork.com
2018-10-22,Stock market suspends share transaction of 48 companies,https://thehimalayantimes.com/business/stock-market-suspends-share-transaction-of-48-companies/,gdelt,gdelt,thehimalayantimes.com
2018-10-23,Nepal Income Tax Slab Rates for FY 2075 - 76 B . S . ( 2018 - 19 ),https://www.nepalisansar.com/business/nepal-income-tax-slab-rates-for-fy-2075-76-b-s/,gdelt,gdelt,nepalisansar.com
2018-10-24,Nepse extends losses with a marginal decline,https://myrepublica.nagariknetwork.com/news/nepse-extends-losses-with-a-marginal-decline/,gdelt,gdelt,myrepublica.nagariknetwork.com
2018-10-25,Nepse returns to winning ways,https://myrepublica.nagariknetwork.com/news/nepse-returns-to-winning-ways/,gdelt,gdelt,myrepublica.nagariknetwork.com
2018-10-26,Nepse ends the week in red,https://myrepublica.nagariknetwork.com/news/nepse-ends-the-week-in-red/,gdelt,gdelt,myrepublica.nagariknetwork.com
2018-10-26,"Valley Pollution Index of October 25,2018",https://myrepublica.nagariknetwork.com/news/valley-pollution-index-of-october-25-2018/,gdelt,gdelt,myrepublica.nagariknetwork.com
2018-10-27,Nepse ends lower paring previous day gains,https://myrepublica.nagariknetwork.com/news/nepse-ends-lower-paring-previous-day-s-gains/,gdelt,gdelt,myrepublica.nagariknetwork.com
2018-10-28,Nepse down 0.52pts after Dashain - Money - The Kathmandu Post,http://kathmandupost.ekantipur.com/news/2018-10-28/nepse-down-052pts-after-dashain.html,gdelt,gdelt,kathmandupost.ekantipur.com
2018-10-28,Benchmark index edges down slightly,https://thehimalayantimes.com/business/benchmark-index-edges-down-slightly/,gdelt,gdelt,thehimalayantimes.com
2018-10-29,Online share trading to go live next week,https://myrepublica.nagariknetwork.com/news/online-share-trading-to-go-live-next-week/,gdelt,gdelt,myrepublica.nagariknetwork.com
2018-10-29,Banking stocks pull Nepse down,https://myrepublica.nagariknetwork.com/news/banking-stocks-pull-nepse-down/,gdelt,gdelt,myrepublica.nagariknetwork.com
2018-10-30,Nepse extends losses for third straight day,https://myrepublica.nagariknetwork.com/news/nepse-extends-losses-for-third-straight-day/,gdelt,gdelt,myrepublica.nagariknetwork.com
2018-10-31,Nepse makes a comeback after three - day losing streak,https://myrepublica.nagariknetwork.com/news/nepse-makes-a-comeback-after-three-day-losing-streak/,gdelt,gdelt,myrepublica.nagariknetwork.com
2018-11-02,Nepse unchanged after choppy session,https://myrepublica.nagariknetwork.com/news/nepse-unchanged-after-choppy-session/,gdelt,gdelt,myrepublica.nagariknetwork.com
2018-11-03,Nepse posts weekly losses despite upbeat earnings,https://myrepublica.nagariknetwork.com/news/nepse-posts-weekly-losses-despite-upbeat-earnings/,gdelt,gdelt,myrepublica.nagariknetwork.com
2018-11-03,NEPSE suffers modest dip,https://thehimalayantimes.com/business/nepse-suffers-modest-dip/,gdelt,gdelt,thehimalayantimes.com
2018-11-03,NEPSE index suffers modest dip,https://myrepublica.nagariknetwork.com/news/nepse-index-suffers-modest-dip-1/,gdelt,gdelt,myrepublica.nagariknetwork.com
2018-11-04,Nepal Stock Exchange : Primary shares a hot ticket item - Money,http://kathmandupost.ekantipur.com/news/2018-11-04/primary-shares-a-hot-ticket-item.html,gdelt,gdelt,kathmandupost.ekantipur.com
2018-11-04,Secondary market in bearish trend,https://thehimalayantimes.com/business/secondary-market-in-bearish-trend/,gdelt,gdelt,thehimalayantimes.com
2018-11-04,Share market suffers double - digit fall,https://myrepublica.nagariknetwork.com/news/share-market-suffers-double-digit-fall/,gdelt,gdelt,myrepublica.nagariknetwork.com
2018-11-05,Nepse down 14 points on first day of the week,https://myrepublica.nagariknetwork.com/news/nepse-down-14-points-on-first-day-of-the-week/,gdelt,gdelt,myrepublica.nagariknetwork.com
2018-11-05,Stock market formally switching to online system,https://thehimalayantimes.com/nepal/stock-market-formally-switching-to-online-system/,gdelt,gdelt,thehimalayantimes.com
2018-11-05,NEPSE index makes double digit gain - The Himalayan Times,https://thehimalayantimes.com/business/nepse-index-makes-double-digit-gain/,gdelt,gdelt,thehimalayantimes.com
2018-11-05,November 5 : 6 things to know by 6 PM today,https://myrepublica.nagariknetwork.com/news/november-5-6-things-to-know-by-6-pm-today/,gdelt,gdelt,myrepublica.nagariknetwork.com
2018-11-05,Stock market formally switching to online system from tomorrow,https://myrepublica.nagariknetwork.com/news/stock-market-formally-switching-to-online-system-from-tomorrow/,gdelt,gdelt,myrepublica.nagariknetwork.com
2018-11-06,Online share trading to go live today,https://myrepublica.nagariknetwork.com/news/online-share-trading-to-go-live-today/,gdelt,gdelt,myrepublica.nagariknetwork.com
2018-11-06,Nepse gains 12 points,https://myrepublica.nagariknetwork.com/news/nepse-gains-12-points/,gdelt,gdelt,myrepublica.nagariknetwork.com
2018-11-06,Nepse to launch online trading today,https://thehimalayantimes.com/business/nepse-to-launch-online-trading-today/,gdelt,gdelt,thehimalayantimes.com
2018-11-06,Nepal stock market welcomes new online system – OnlineKhabar,http://english.onlinekhabar.com/nepals-stock-market-welcomes-new-online-system.html,gdelt,gdelt,english.onlinekhabar.com
2018-11-06,NEPSE closes with green notification as it sees double - digit rise,https://myrepublica.nagariknetwork.com/news/nepse-closes-with-green-notification-as-it-sees-double-digit-rise/,gdelt,gdelt,myrepublica.nagariknetwork.com
2018-11-06,Nov 6 : 6 things to know by 6 PM today,https://myrepublica.nagariknetwork.com/news/nov-6-6-things-to-know-by-6-pm-today-1/,gdelt,gdelt,myrepublica.nagariknetwork.com
2018-11-06,Finance Minister says 8 % growth target is difficult to achieve – OnlineKhabar,http://english.onlinekhabar.com/finance-minister-says-8-growth-target-is-difficult-to-achieve.html,gdelt,gdelt,english.onlinekhabar.com
2018-11-07,Online stock trading system goes live,https://myrepublica.nagariknetwork.com/news/online-stock-trading-system-goes-live/,gdelt,gdelt,myrepublica.nagariknetwork.com
2018-11-07,Nepse Online Trading System goes live - Money - The Kathmandu Post,http://kathmandupost.ekantipur.com/news/2018-11-07/nepse-online-trading-system-goes-live.html,gdelt,gdelt,kathmandupost.ekantipur.com
2018-11-07,Nepal Stock Trading is Now Fully - Automated !,https://www.nepalisansar.com/business/nepal-stock-trading-is-now-fully-automated/,gdelt,gdelt,nepalisansar.com
2018-11-07,Country secondary market goes digital,https://thehimalayantimes.com/business/countrys-secondary-market-goes-digital/,gdelt,gdelt,thehimalayantimes.com
2018-11-07,FinMin says 8pc growth target difficult to achieve,https://thehimalayantimes.com/business/finmin-says-8pc-growth-target-difficult-to-achieve/,gdelt,gdelt,thehimalayantimes.com
2018-11-12,Software glitch hits Nepse trading for second day - Money,http://kathmandupost.ekantipur.com/news/2018-11-12/software-glitch-hits-nepse-trading-for-second-day.html,gdelt,gdelt,kathmandupost.ekantipur.com
2018-11-12,Nepse down 17 points,https://myrepublica.nagariknetwork.com/news/nepse-down-17-points/,gdelt,gdelt,myrepublica.nagariknetwork.com
2018-11-12,NEPSE suffers double digit dip,https://myrepublica.nagariknetwork.com/news/nepse-suffers-double-digit-dip/,gdelt,gdelt,myrepublica.nagariknetwork.com
2018-11-13,NEPSE new online platform full of glitches - Money,http://kathmandupost.ekantipur.com/news/2018-11-13/nepses-new-online-platform-full-of-glitches.html,gdelt,gdelt,kathmandupost.ekantipur.com
2018-11-13,Dents in macro stability - Oped - The Kathmandu Post,http://kathmandupost.ekantipur.com/news/2018-11-13/dents-in-macro-stability.html,gdelt,gdelt,kathmandupost.ekantipur.com
2018-11-13,Glitches in online trading system hampers share trading,https://myrepublica.nagariknetwork.com/news/glitches-in-online-trading-system-hampers-share-trading/,gdelt,gdelt,myrepublica.nagariknetwork.com
2018-11-13,Stocks decline as Nepse slide continues,https://myrepublica.nagariknetwork.com/news/stocks-decline-as-nepse-slide-continues/,gdelt,gdelt,myrepublica.nagariknetwork.com
2018-11-13,NEPSE sees double - digit surge,https://thehimalayantimes.com/business/nepse-sees-double-digit-surge/,gdelt,gdelt,thehimalayantimes.com
2018-11-13,NEPSE sees double - digit surge,https://myrepublica.nagariknetwork.com/news/nepse-sees-double-digit-surge/,gdelt,gdelt,myrepublica.nagariknetwork.com
2018-11-14,Nepse back to winning ways,https://myrepublica.nagariknetwork.com/news/nepse-back-to-winning-ways/,gdelt,gdelt,myrepublica.nagariknetwork.com
2018-11-14,Banks urged to enforce system - Money - The Kathmandu Post,http://kathmandupost.ekantipur.com/news/2018-11-14/banks-urged-to-enforce-system.html,gdelt,gdelt,kathmandupost.ekantipur.com
2018-11-15,Problems in Nepse online system upset traders,https://thehimalayantimes.com/business/problems-in-nepses-online-system-upset-traders/,gdelt,gdelt,thehimalayantimes.com
2018-11-15,Stocks unchanged in choppy trading,https://myrepublica.nagariknetwork.com/news/stocks-unchanged-in-choppy-trading/,gdelt,gdelt,myrepublica.nagariknetwork.com
2018-11-15,Stocks end week with a modest drop,https://myrepublica.nagariknetwork.com/news/stocks-end-week-with-a-modest-drop/,gdelt,gdelt,myrepublica.nagariknetwork.com
2018-11-16,Nepse ends week lower despite positive earnings outlook,https://myrepublica.nagariknetwork.com/news/nepse-ends-week-lower-despite-positive-earnings-outlook/,gdelt,gdelt,myrepublica.nagariknetwork.com
2018-11-17,Govt felicitates over a dozen firms for paying most taxes,https://myrepublica.nagariknetwork.com/news/govt-felicitates-over-a-dozen-firms-for-paying-most-taxes/,gdelt,gdelt,myrepublica.nagariknetwork.com
2018-11-18,System dampens investor confidence - Money - The Kathmandu Post,http://kathmandupost.ekantipur.com/news/2018-11-18/system-dampens-investor-confidence.html,gdelt,gdelt,kathmandupost.ekantipur.com
2018-11-18,Government felicitates country largest taxpayers,https://myrepublica.nagariknetwork.com/news/government-felicitates-country-s-largest-taxpayers/,gdelt,gdelt,myrepublica.nagariknetwork.com
2018-11-19,Share market suffers around 6 - point fall,https://myrepublica.nagariknetwork.com/news/share-market-suffers-around-6-point-fall/,gdelt,gdelt,myrepublica.nagariknetwork.com
2018-11-19,"Nepse slips below 1,200 points",https://myrepublica.nagariknetwork.com/news/nepse-slips-below-1-200-points/,gdelt,gdelt,myrepublica.nagariknetwork.com
2018-11-19,Share market suffers around 6 - point fall,https://thehimalayantimes.com/business/share-market-suffers-around-6-point-fall/,gdelt,gdelt,thehimalayantimes.com
2018-11-20,Nepse extends losses for three straight days,https://myrepublica.nagariknetwork.com/news/nepse-extends-losses-for-three-straight-days/,gdelt,gdelt,myrepublica.nagariknetwork.com
2018-11-20,Nepse loses 6 points today,https://myrepublica.nagariknetwork.com/news/nepse-loses-6-points-today/,gdelt,gdelt,myrepublica.nagariknetwork.com
2018-11-21,Stocks extend losses,https://myrepublica.nagariknetwork.com/news/stocks-extend-losses/,gdelt,gdelt,myrepublica.nagariknetwork.com
2018-11-22,Nepse snaps four - day losing run,https://myrepublica.nagariknetwork.com/news/nepse-snaps-four-day-losing-run/,gdelt,gdelt,myrepublica.nagariknetwork.com
2018-11-23,Nepse ends week with a marginal loss,https://myrepublica.nagariknetwork.com/news/nepse-ends-week-with-a-marginal-loss/,gdelt,gdelt,myrepublica.nagariknetwork.com
2018-11-24,"Nepse posts weekly loss , closes below 1,200 points",https://myrepublica.nagariknetwork.com/news/nepse-posts-weekly-loss-closes-below-1-200-points/,gdelt,gdelt,myrepublica.nagariknetwork.com
2018-11-25,Nepse fails to manage online trading system,https://thehimalayantimes.com/business/nepse-fails-to-manage-online-trading-system/,gdelt,gdelt,thehimalayantimes.com
2018-11-25,Nepse closes firmly lower to start week,https://myrepublica.nagariknetwork.com/news/nepse-closes-firmly-lower-to-start-week/,gdelt,gdelt,myrepublica.nagariknetwork.com
2018-11-26,Investors demand reforms in NEPSE automated system,https://thehimalayantimes.com/business/investors-demand-reforms-in-nepse-automated-system/,gdelt,gdelt,thehimalayantimes.com
2018-11-26,Nepalese Share Investors Demand Immediate Reforms in NEPSE Automated System - Review Nepal News,http://reviewnepal.com/business/nepalese-share-investors-demand-immediate-reforms-in-nepse-automated-system.html,gdelt,gdelt,reviewnepal.com
2018-11-27,NEPSE automated system irks investors,https://thehimalayantimes.com/business/nepses-automated-system-irks-investors/,gdelt,gdelt,thehimalayantimes.com
2018-11-27,Agitating investors manhandle analyst who reportedly predicted stock fall,https://myrepublica.nagariknetwork.com/news/agitating-investors-manhandle-analyst-who-reportedly-predicted-stock-fall/,gdelt,gdelt,myrepublica.nagariknetwork.com
2018-11-27,Stocks extend losses as Nepse makes new 52 - week low,https://myrepublica.nagariknetwork.com/news/stocks-extend-losses-as-nepse-makes-new-52-week-low/,gdelt,gdelt,myrepublica.nagariknetwork.com
2018-11-28,EDITORIAL : Ambitious scheme,https://thehimalayantimes.com/opinion/editorial-ambitious-scheme/,gdelt,gdelt,thehimalayantimes.com
2018-11-28,Nepse ends slightly higher after 3 - day losing streak,https://myrepublica.nagariknetwork.com/news/nepse-ends-slightly-higher-after-3-day-losing-streak/,gdelt,gdelt,myrepublica.nagariknetwork.com
2018-11-29,"Nepse fails to add to previous gains , posts a marginal decline",https://myrepublica.nagariknetwork.com/news/nepse-fails-to-add-to-previous-gains-posts-a-marginal-decline/,gdelt,gdelt,myrepublica.nagariknetwork.com
2018-11-29,Nepse index hits double - digit fall,https://thehimalayantimes.com/business/nepse-index-hits-double-digit-fall/,gdelt,gdelt,thehimalayantimes.com
2018-11-29,Nepse index hits double - digit fall,https://myrepublica.nagariknetwork.com/news/nepse-index-hits-double-digit-fall/,gdelt,gdelt,myrepublica.nagariknetwork.com
2018-11-29,"Nepse at 52 - week low of 1,149 points",https://myrepublica.nagariknetwork.com/news/nepse-at-52-week-low-of-1-149-points/,gdelt,gdelt,myrepublica.nagariknetwork.com
2018-12-01,Nepse extends losses to third straight week,https://myrepublica.nagariknetwork.com/news/nepse-extends-losses-to-third-straight-week/,gdelt,gdelt,myrepublica.nagariknetwork.com
2018-12-02,Nepse plunges to three - year low - Money - The Kathmandu Post,http://kathmandupost.ekantipur.com/news/2018-12-02/nepse-plunges-to-three-year-low.html,gdelt,gdelt,kathmandupost.ekantipur.com
2018-12-03,Nepse sinks to new low - Money - The Kathmandu Post,http://kathmandupost.ekantipur.com/news/2018-12-03/nepse-sinks-to-new-low.html,gdelt,gdelt,kathmandupost.ekantipur.com
2018-12-03,Bearish streak persists as Nepse hits 3 - year low,https://myrepublica.nagariknetwork.com/news/bearish-streak-persists-as-nepse-hits-3-year-low/,gdelt,gdelt,myrepublica.nagariknetwork.com
2018-12-03,Nepse index plunges 17.47 points,https://thehimalayantimes.com/business/nepse-index-plunges-17-47-points/,gdelt,gdelt,thehimalayantimes.com
2018-12-03,NEPSE stabilizes,https://myrepublica.nagariknetwork.com/news/nepse-stabilizes/,gdelt,gdelt,myrepublica.nagariknetwork.com
2018-12-04,SEBON asks Nepse to allow new broker firms outside valley,https://thehimalayantimes.com/business/sebon-asks-nepse-to-allow-new-broker-firms-outside-valley/,gdelt,gdelt,thehimalayantimes.com
2018-12-04,Additional stock worth Rs 11 billion listed in NEPSE,https://thehimalayantimes.com/business/additional-stock-worth-rs-11-billion-listed-in-nepse/,gdelt,gdelt,thehimalayantimes.com
2018-12-05,Nepse closes higher for second straight day,https://myrepublica.nagariknetwork.com/news/nepse-closes-higher-for-second-straight-day/,gdelt,gdelt,myrepublica.nagariknetwork.com
2018-12-06,Sebon to open gates to new brokerage firms - Money,http://kathmandupost.ekantipur.com/news/2018-12-06/sebon-to-open-gates-to-new-brokerage-firms.html,gdelt,gdelt,kathmandupost.ekantipur.com
2018-12-06,Nepse index plunges two per cent,https://thehimalayantimes.com/business/nepse-index-plunges-two-per-cent/,gdelt,gdelt,thehimalayantimes.com
2018-12-06,Operational problem in online trading system addressed,https://www.msn.com/en-xl/news/other/operational-problem-in-online-trading-system-addressed/ar-BBQzSKE,gdelt,gdelt,msn.com
2018-12-07,Nepse posts modest gains after initial slump,https://myrepublica.nagariknetwork.com/news/nepse-posts-modest-gains-after-initial-slump/,gdelt,gdelt,myrepublica.nagariknetwork.com
2018-12-07,Finance Ministry steps in to tame interest rate - National,http://kathmandupost.ekantipur.com/news/2018-12-07/finance-ministry-steps-in-to-tame-interest-rate.html,gdelt,gdelt,kathmandupost.ekantipur.com
2018-12-07,Committee formed to study financial sector instability,https://thehimalayantimes.com/business/committee-formed-to-study-financial-sector-instability/,gdelt,gdelt,thehimalayantimes.com
2018-12-08,Stocks extend losses as Nepse sheds 100 points in 4 weeks,https://myrepublica.nagariknetwork.com/news/stocks-extend-losses-as-nepse-sheds-100-points-in-4-weeks/,gdelt,gdelt,myrepublica.nagariknetwork.com
2018-12-08,Sebon to issue licences to securities dealers - Money,http://kathmandupost.ekantipur.com/news/2018-12-08/sebon-to-issue-licences-to-securities-dealers.html,gdelt,gdelt,kathmandupost.ekantipur.com
2018-12-09,Interest rate war sinks Nepse - Money - The Kathmandu Post,http://kathmandupost.ekantipur.com/news/2018-12-09/interest-rate-war-sinks-nepse.html,gdelt,gdelt,kathmandupost.ekantipur.com
2018-12-09,Share investors launch hunger strike demanding reforms in capital market,https://myrepublica.nagariknetwork.com/news/share-investors-launch-hunger-strike-demanding-reforms-in-capital-market/,gdelt,gdelt,myrepublica.nagariknetwork.com
2018-12-09,Share investors launch relay hunger strike demanding reforms,http://reviewnepal.com/business/share-investors-launch-relay-hunger-strike-demanding-reforms.html,gdelt,gdelt,reviewnepal.com
2018-12-10,Individual stock investors allowed to trade online - Money,http://kathmandupost.ekantipur.com/news/2018-12-10/individual-stock-investors-allowed-to-trade-online.html,gdelt,gdelt,kathmandupost.ekantipur.com
2018-12-10,"Share investors stage protest at Nepse , submit 10 - point demand",https://thehimalayantimes.com/business/share-investors-stage-protest-at-nepse-submit-10-point-demand/,gdelt,gdelt,thehimalayantimes.com
2018-12-10,Nepse begins the week in green,https://myrepublica.nagariknetwork.com/news/nepse-begins-the-week-in-green/,gdelt,gdelt,myrepublica.nagariknetwork.com
2018-12-10,NEPSE index increases double digit,https://myrepublica.nagariknetwork.com/news/nepse-index-increases-double-digit/,gdelt,gdelt,myrepublica.nagariknetwork.com
2018-12-11,Capital concerns - Oped - The Kathmandu Post,http://kathmandupost.ekantipur.com/news/2018-12-11/capital-concerns.html,gdelt,gdelt,kathmandupost.ekantipur.com
2018-12-11,Nepse closes higher for second straight day,https://myrepublica.nagariknetwork.com/news/nepse-closes-higher-for-second-straight-day-1/,gdelt,gdelt,myrepublica.nagariknetwork.com
2018-12-11,No need to worry about investment atmosphere : Dr Khatiwada,https://myrepublica.nagariknetwork.com/news/no-need-to-worry-about-investment-atmosphere-dr-khatiwada/,gdelt,gdelt,myrepublica.nagariknetwork.com
2018-12-12,Sitting and former finance ministers call for rescue of share market,https://myrepublica.nagariknetwork.com/news/sitting-and-former-finance-ministers-call-for-rescue-of-share-market/,gdelt,gdelt,myrepublica.nagariknetwork.com
2018-12-12,Nepse snaps two - day winning run,https://myrepublica.nagariknetwork.com/news/nepse-snaps-two-day-winning-run/,gdelt,gdelt,myrepublica.nagariknetwork.com
2018-12-12,Finance Ministry to create team to study stock market - Money,http://kathmandupost.ekantipur.com/news/2018-12-12/finance-ministry-to-create-team-to-study-stock-market.html,gdelt,gdelt,kathmandupost.ekantipur.com
2018-12-12,Nepse snaps two - day winning run,https://www.msn.com/en-xl/news/other/nepse-snaps-two-day-winning-run/ar-BBQPHl3,gdelt,gdelt,msn.com
2018-12-12,Nepse unchanged in choppy trading,https://myrepublica.nagariknetwork.com/news/nepse-unchanged-in-choppy-trading/,gdelt,gdelt,myrepublica.nagariknetwork.com
2018-12-13,Nepse unchanged in choppy trading,https://www.msn.com/en-xl/news/other/nepse-unchanged-in-choppy-trading/ar-BBQSrKv,gdelt,gdelt,msn.com
2018-12-13,NEPSE index gains 7.6 points,https://myrepublica.nagariknetwork.com/news/nepse-index-gains-7-6-points/,gdelt,gdelt,myrepublica.nagariknetwork.com
2018-12-14,Nepse ends week on positive note,https://myrepublica.nagariknetwork.com/news/nepse-ends-week-on-positive-note/,gdelt,gdelt,myrepublica.nagariknetwork.com
2018-12-15,Stocks snap four - week losing streak,https://myrepublica.nagariknetwork.com/news/stocks-snap-four-week-losing-streak-3/,gdelt,gdelt,myrepublica.nagariknetwork.com
2018-12-16,Hunger strike partly boosts Nepse - Money - The Kathmandu Post,http://kathmandupost.ekantipur.com/news/2018-12-16/hunger-strike-partly-boosts-nepse.html,gdelt,gdelt,kathmandupost.ekantipur.com
2018-12-17,Government panel to submit report on capital market - Money,http://kathmandupost.ekantipur.com/news/2018-12-17/government-panel-to-submit-report-on-capital-market.html,gdelt,gdelt,kathmandupost.ekantipur.com
2018-12-17,Share market on rise as govt positive to investor demand,https://thehimalayantimes.com/business/share-market-on-rise-as-govt-positive-to-investor-demand/,gdelt,gdelt,thehimalayantimes.com
2018-12-17,Nepse gains for third straight day,https://myrepublica.nagariknetwork.com/news/nepse-gains-for-third-straight-day/,gdelt,gdelt,myrepublica.nagariknetwork.com
2018-12-18,Nepse extends winning run to fourth day,https://myrepublica.nagariknetwork.com/news/nepse-extends-winning-run-to-fourth-day/,gdelt,gdelt,myrepublica.nagariknetwork.com
2018-12-18,Share investors start hunger strike at NepseNepal Stock Exchange,https://thehimalayantimes.com/business/share-investors-start-hunger-strike-at-nepse/,gdelt,gdelt,thehimalayantimes.com
2018-12-18,Nepse suffers double - digit fall,https://myrepublica.nagariknetwork.com/news/nepse-suffers-double-digit-fall-3/,gdelt,gdelt,myrepublica.nagariknetwork.com
2018-12-18,Nepse suffers double - digit fall,https://thehimalayantimes.com/business/nepse-suffers-double-digit-fall-3/,gdelt,gdelt,thehimalayantimes.com
2018-12-18,"Nepal : Investors on hunger strike , demand resignation of Fin Min , officials",https://www.business-standard.com/article/news-ani/nepal-investors-on-hunger-strike-demand-resignation-of-fin-min-officials-118121800917_1.html,gdelt,gdelt,business-standard.com
2018-12-18,"Nepal : Investors on hunger strike , demand resignation of Fin Min ,",http://www.sify.com/news/nepal-investors-on-hunger-strike-demand-resignation-of-fin-min-officials-news-international-smsuc0achchde.html,gdelt,gdelt,sify.com
2018-12-18,"Nepal : Investors on hunger strike , demand resignation of Fin Min , officials",https://www.aninews.in/news/world/asia/nepal-investors-on-hunger-strike-demand-resignation-of-fin-min-officials201812181916470002/,gdelt,gdelt,aninews.in
2018-12-19,Banks engage in race to raise interest rates - Money,http://kathmandupost.ekantipur.com/news/2018-12-19/banks-engage-in-race-to-raise-interest-rates.html,gdelt,gdelt,kathmandupost.ekantipur.com
2018-12-19,Nepse snaps four - day winning run,https://myrepublica.nagariknetwork.com/news/nepse-snaps-four-day-winning-run/,gdelt,gdelt,myrepublica.nagariknetwork.com
2018-12-19,Investors in Nepal start hunger strike demanding resignation of finance minister,https://news.biharprabha.com/2018/12/investors-in-nepal-start-hunger-strike-demanding-resignation-of-finance-minister/,gdelt,gdelt,news.biharprabha.com
2018-12-20,Stocks drop for second straight day,https://myrepublica.nagariknetwork.com/news/stocks-drop-for-second-straight-day/,gdelt,gdelt,myrepublica.nagariknetwork.com
2018-12-21,Market caps week with modest gain,https://myrepublica.nagariknetwork.com/news/market-caps-week-with-modest-gain/,gdelt,gdelt,myrepublica.nagariknetwork.com
2018-12-21,Banking on an easy solution - Oped - The Kathmandu Post,http://kathmandupost.ekantipur.com/news/2018-12-21/banking-on-an-easy-solution.html,gdelt,gdelt,kathmandupost.ekantipur.com
2018-12-22,Stocks up for two consecutive weeks,https://myrepublica.nagariknetwork.com/news/stocks-up-for-two-consecutive-weeks/,gdelt,gdelt,myrepublica.nagariknetwork.com
2018-12-23,Government moves bouy investors - Money - The Kathmandu Post,http://kathmandupost.ekantipur.com/news/2018-12-23/government-moves-bouy-investors.html,gdelt,gdelt,kathmandupost.ekantipur.com
2018-12-23,Local bourse witnesses gain on positive cues,https://thehimalayantimes.com/business/local-bourse-witnesses-gain-on-positive-cues/,gdelt,gdelt,thehimalayantimes.com
2018-12-23,NEPSE registers a double - digit rise,https://myrepublica.nagariknetwork.com/news/nepse-registers-double-digit-rise/,gdelt,gdelt,myrepublica.nagariknetwork.com
2018-12-23,NEPSE registers double digit rise,https://thehimalayantimes.com/business/nepse-registers-double-digit-rise/,gdelt,gdelt,thehimalayantimes.com
2018-12-24,"Nepse in bullish trend , up 32 points - The Himalayan Times",https://thehimalayantimes.com/business/nepse-in-bullish-trend-up-32-points/,gdelt,gdelt,thehimalayantimes.com
2018-12-24,NEPSE index dips 6.45 points - The Himalayan Times,https://thehimalayantimes.com/business/nepse-index-dips-6-45-points/,gdelt,gdelt,thehimalayantimes.com
2018-12-24,Stocks rally on interest rate optimism,https://myrepublica.nagariknetwork.com/news/stocks-rally-on-interest-rate-optimism/,gdelt,gdelt,myrepublica.nagariknetwork.com
2018-12-25,Stocks ease after previous day rally,https://myrepublica.nagariknetwork.com/news/stocks-ease-after-previous-day-rally/,gdelt,gdelt,myrepublica.nagariknetwork.com
2018-12-25,Protesting investors demand Nepal market reforms - Nikkei Asian Review,https://asia.nikkei.com/Business/Markets/Protesting-investors-demand-Nepal-market-reforms,gdelt,gdelt,asia.nikkei.com
2018-12-26,Turnover shrinks as Nepse falls for second straight day,https://myrepublica.nagariknetwork.com/news/turnover-shrinks-as-nepse-falls-for-second-straight-day/,gdelt,gdelt,myrepublica.nagariknetwork.com
2018-12-27,Central Bank new provision brings cheer to investors - Money,http://kathmandupost.ekantipur.com/news/2018-12-27/central-banks-new-provision-brings-cheer-to-investors.html,gdelt,gdelt,kathmandupost.ekantipur.com
2018-12-27,Stock index surges 2.55pc - The Himalayan Times,https://thehimalayantimes.com/business/stock-index-surges-2-55pc/,gdelt,gdelt,thehimalayantimes.com
2018-12-27,Nepse ends the week in red,https://myrepublica.nagariknetwork.com/news/nepse-ends-the-week-in-red-1/,gdelt,gdelt,myrepublica.nagariknetwork.com
2018-12-28,Nepse single - day transactions surge to new high - Money,http://kathmandupost.ekantipur.com/news/2018-12-28/nepse-single-day-transactions-surge-to-new-high.html,gdelt,gdelt,kathmandupost.ekantipur.com
2018-12-29,Three banks seek NRB nod to provide stockbroker services,https://myrepublica.nagariknetwork.com/news/three-banks-seek-nrb-nod-to-provide-stockbroker-services/,gdelt,gdelt,myrepublica.nagariknetwork.com
2018-12-29,Stocks extend rally for third straight week,https://myrepublica.nagariknetwork.com/news/stocks-extend-rally-for-third-straight-week/,gdelt,gdelt,myrepublica.nagariknetwork.com
2018-12-30,"Nepse gains steam , up 49.22 points - The Kathmandu Post",http://kathmandupost.ekantipur.com/news/2018-12-30/nepse-gains-steam-up-4922-points.html,gdelt,gdelt,kathmandupost.ekantipur.com
2018-12-30,Secondary market finally on a bull run,https://thehimalayantimes.com/business/secondary-market-finally-on-a-bull-run/,gdelt,gdelt,thehimalayantimes.com
2019-01-01,Financial literacy in Nepal is very poor,https://thehimalayantimes.com/business/financial-literacy-in-nepal-is-very-poor/,gdelt,gdelt,thehimalayantimes.com
2019-01-02,Clearing banks allowed to make electronic transfers - Money,http://kathmandupost.ekantipur.com/news/2019-01-02/clearing-banks-allowed-to-make-electronic-transfers.html,gdelt,gdelt,kathmandupost.ekantipur.com
2019-01-03,Issue managers fined for breaking investment rules - Money,http://kathmandupost.ekantipur.com/news/2019-01-03/issue-managers-fined-for-breaking-investment-rules.html,gdelt,gdelt,kathmandupost.ekantipur.com
2019-01-03,Nepse inches down in low volume trading session,https://myrepublica.nagariknetwork.com/news/nepse-inches-down-in-low-volume-trading-session/,gdelt,gdelt,myrepublica.nagariknetwork.com
2019-01-03,Nepse told to provide recommendation to banks for stock broker license,https://myrepublica.nagariknetwork.com/news/nepse-told-to-provide-recommendation-to-banks-for-stock-broker-license/,gdelt,gdelt,myrepublica.nagariknetwork.com
2019-01-03,SEBON tells Nepse to initiate process of issuing broker licence to commercial banks,https://thehimalayantimes.com/business/sebon-tells-nepse-to-initiate-process-of-issuing-broker-licence-to-commercial-banks/,gdelt,gdelt,thehimalayantimes.com
2019-01-03,Global IME Bank Ltd Connected With Nepse Online Share System | New Spotlight Magazine,https://www.spotlightnepal.com/2019/01/03/global-ime-bank-ltd-connected-nepse-online-share-system/,gdelt,gdelt,spotlightnepal.com
2019-01-03,NEPSE continues to dip,https://myrepublica.nagariknetwork.com/news/nepse-continues-to-dip/,gdelt,gdelt,myrepublica.nagariknetwork.com
2019-01-04,Stocks extend losing run to six sessions,https://myrepublica.nagariknetwork.com/news/stocks-extend-losing-run-to-six-sessions/,gdelt,gdelt,myrepublica.nagariknetwork.com
2019-01-04,Government paves way for tabling bill to amend Senior Citizens Act in Parliament,https://thehimalayantimes.com/kathmandu/government-paves-way-for-tabling-bill-to-amend-senior-citizens-act-in-parliament/,gdelt,gdelt,thehimalayantimes.com
2019-01-05,Nepse snaps three - week gaining streak,https://myrepublica.nagariknetwork.com/news/nepse-snaps-three-week-gaining-streak/,gdelt,gdelt,myrepublica.nagariknetwork.com
2019-01-06,High interest rates sink Nepse again - Money - The Kathmandu Post,http://kathmandupost.ekantipur.com/news/2019-01-06/high-interest-rates-sink-nepse-again.html,gdelt,gdelt,kathmandupost.ekantipur.com
2019-01-06,Nepse index descends by 37.15 points,https://thehimalayantimes.com/business/nepse-index-descends-by-37-15-points/,gdelt,gdelt,thehimalayantimes.com
2019-01-06,NepSE hit by 7.22 point fall,https://thehimalayantimes.com/business/nepse-hit-by-7-22-point-fall/,gdelt,gdelt,thehimalayantimes.com
2019-01-06,NEPSE hit by 7.22 point fall,https://myrepublica.nagariknetwork.com/news/nepse-hit-by-7-22-point-fall/,gdelt,gdelt,myrepublica.nagariknetwork.com
2019-01-07,Stocks post losses for seventh consecutive session,https://myrepublica.nagariknetwork.com/news/stocks-post-losses-for-seventh-consecutive-session/,gdelt,gdelt,myrepublica.nagariknetwork.com
2019-01-07,Broad rally helps Nepse snap losing streak,https://myrepublica.nagariknetwork.com/news/broad-rally-helps-nepse-snap-losing-streak/,gdelt,gdelt,myrepublica.nagariknetwork.com
2019-01-08,Broad rally helps Nepse snap losing streak,https://myrepublica.nagariknetwork.com/news/broad-rally-helps-nepse-snap-losing-streak-1/,gdelt,gdelt,myrepublica.nagariknetwork.com
2019-01-09,Nepse ends the day unchanged,https://myrepublica.nagariknetwork.com/news/nepse-ends-the-day-unchanged/,gdelt,gdelt,myrepublica.nagariknetwork.com
2019-01-10,Nepse posts modest gain as range bound trading continues,https://myrepublica.nagariknetwork.com/news/nepse-posts-modest-gain-as-range-bound-trading-continues/,gdelt,gdelt,myrepublica.nagariknetwork.com
2019-01-11,Nepse marginally up for 2nd straight session,https://myrepublica.nagariknetwork.com/news/nepse-marginally-up-for-2nd-straight-session/,gdelt,gdelt,myrepublica.nagariknetwork.com
2019-01-13,NICCI brings an investor handbook targeting Indian investors,https://myrepublica.nagariknetwork.com/news/nicci-brings-an-investor-s-handbook-targeting-indian-investors/,gdelt,gdelt,myrepublica.nagariknetwork.com
2019-01-13,Nepse posts marginal gain of 1.97pts - Money - The Kathmandu Post,http://kathmandupost.ekantipur.com/news/2019-01-13/nepse-posts-marginal-gain-of-197pts.html,gdelt,gdelt,kathmandupost.ekantipur.com
2019-01-14,Dont kick the can - Oped - The Kathmandu Post,http://kathmandupost.ekantipur.com/news/2019-01-14/dont-kick-the-can.html,gdelt,gdelt,kathmandupost.ekantipur.com
2019-01-14,Nepse begins the week in the red,https://myrepublica.nagariknetwork.com/news/nepse-begins-the-week-in-the-red/,gdelt,gdelt,myrepublica.nagariknetwork.com
2019-01-15,Trades in Upper Tamakoshi shares cancelled after surge - Money,http://kathmandupost.ekantipur.com/news/2019-01-15/trades-in-upper-tamakoshi-shares-cancelled-after-surge.html,gdelt,gdelt,kathmandupost.ekantipur.com
2019-01-15,Stocks close higher while market activity drops,https://myrepublica.nagariknetwork.com/news/stocks-close-higher-while-market-activity-drops/,gdelt,gdelt,myrepublica.nagariknetwork.com
2019-01-15,Nepse cancels some Upper Tamakoshi share transactions,https://myrepublica.nagariknetwork.com/news/nepse-cancels-some-upper-tamakoshi-share-transactions/,gdelt,gdelt,myrepublica.nagariknetwork.com
2019-01-16,Nepse extends gains for second straight day,https://myrepublica.nagariknetwork.com/news/nepse-extends-gains-for-second-straight-day/,gdelt,gdelt,myrepublica.nagariknetwork.com
2019-01-16,Nepse ends 8 points lower,https://myrepublica.nagariknetwork.com/news/nepse-ends-8-points-lower/,gdelt,gdelt,myrepublica.nagariknetwork.com
2019-01-18,Stocks close the week slightly higher,https://myrepublica.nagariknetwork.com/news/stocks-close-the-week-slightly-higher/,gdelt,gdelt,myrepublica.nagariknetwork.com
2019-01-20,Short term investors boost Nepse - Money - The Kathmandu Post,http://kathmandupost.ekantipur.com/news/2019-01-20/short-term-investors-boost-nepse.html,gdelt,gdelt,kathmandupost.ekantipur.com
2019-01-21,Nepse begins week on a negative note,https://myrepublica.nagariknetwork.com/news/nepse-begins-week-on-a-negative-note-1/,gdelt,gdelt,myrepublica.nagariknetwork.com
2019-01-21,Troubled capital market - Oped - The Kathmandu Post,http://kathmandupost.ekantipur.com/news/2019-01-21/troubled-capital-market.html,gdelt,gdelt,kathmandupost.ekantipur.com
2019-01-21,Domestic share market plummets 10.86 points,https://myrepublica.nagariknetwork.com/news/domestic-share-market-plummets-10-86-points/,gdelt,gdelt,myrepublica.nagariknetwork.com
2019-01-21,Domestic share market plummets to 10.86 points,https://thehimalayantimes.com/business/domestic-share-market-plummets-to-10-86-points/,gdelt,gdelt,thehimalayantimes.com
2019-01-23,NEPSE index posts general rise,https://myrepublica.nagariknetwork.com/news/nepse-index-posts-general-rise/,gdelt,gdelt,myrepublica.nagariknetwork.com
2019-01-25,Stocks close flat in lackluster trading,https://myrepublica.nagariknetwork.com/news/stocks-close-flat-in-lackluster-trading/,gdelt,gdelt,myrepublica.nagariknetwork.com
2019-01-26,"Nepse posts weekly losses , erasing two week advances",https://myrepublica.nagariknetwork.com/news/nepse-posts-weekly-losses-erasing-two-week-advances/,gdelt,gdelt,myrepublica.nagariknetwork.com
2019-01-26,"Nepal Stock Exchange bows to investor groups , plans to defer PAN requirement",https://myrepublica.nagariknetwork.com/news/nepal-stock-exchange-bows-to-investor-groups-plans-to-defer-pan-requirement/,gdelt,gdelt,myrepublica.nagariknetwork.com
2019-01-27,Nepse index sheds 1.26 points - Money - The Kathmandu Post,http://kathmandupost.ekantipur.com/news/2019-01-27/nepse-index-sheds-126-points.html,gdelt,gdelt,kathmandupost.ekantipur.com
2019-01-27,Secondary market dips by 14.99 points,https://thehimalayantimes.com/business/secondary-market-dips-by-14-99-points/,gdelt,gdelt,thehimalayantimes.com
2019-01-28,Market closes firmly lower,https://myrepublica.nagariknetwork.com/news/market-closes-firmly-lower/,gdelt,gdelt,myrepublica.nagariknetwork.com
2019-01-29,Nepse ends slightly higher,https://myrepublica.nagariknetwork.com/news/nepse-ends-slightly-higher/,gdelt,gdelt,myrepublica.nagariknetwork.com
2019-01-29,Stockbrokers rush to expand branches - Money - The Kathmandu Post,http://kathmandupost.ekantipur.com/news/2019-01-29/stockbrokers-rush-to-expand-branches.html,gdelt,gdelt,kathmandupost.ekantipur.com
2019-01-29,Nepse down 4 points,https://myrepublica.nagariknetwork.com/news/nepse-down-4-points/,gdelt,gdelt,myrepublica.nagariknetwork.com
2019-01-31,Tougher action planned against insider trading - Money,http://kathmandupost.ekantipur.com/news/2019-01-31/tougher-action-planned-against-insider-trading.html,gdelt,gdelt,kathmandupost.ekantipur.com
2019-01-31,Nepse continues its sluggish run,https://myrepublica.nagariknetwork.com/news/nepse-continues-its-sluggish-run/,gdelt,gdelt,myrepublica.nagariknetwork.com
2019-02-01,Stocks turn positive after choppy session,https://myrepublica.nagariknetwork.com/news/stocks-turn-positive-after-choppy-session/,gdelt,gdelt,myrepublica.nagariknetwork.com
2019-02-02,Nepse removes PAN provision for share investors,https://thehimalayantimes.com/business/nepse-removes-pan-provision-for-share-investors/,gdelt,gdelt,thehimalayantimes.com
2019-02-02,Sebon paves way for stock brokers to provide margin lending services,https://myrepublica.nagariknetwork.com/news/sebon-paves-way-for-stock-brokers-to-provide-margin-lending-services/,gdelt,gdelt,myrepublica.nagariknetwork.com
2019-02-02,Nepse registers lower volume despite positive earnings stance,https://myrepublica.nagariknetwork.com/news/nepse-registers-lower-volume-despite-positive-earnings-stance/,gdelt,gdelt,myrepublica.nagariknetwork.com
2019-02-03,Ongoing glitches with online trading system sink Nepse - Money,http://kathmandupost.ekantipur.com/news/2019-02-03/ongoing-glitches-with-online-trading-system-sink-nepse.html,gdelt,gdelt,kathmandupost.ekantipur.com
2019-02-03,Secondary market yet to recover from bearish trend,https://thehimalayantimes.com/business/secondary-market-yet-to-recover-from-bearish-trend/,gdelt,gdelt,thehimalayantimes.com
2019-02-05,Sebon grants initial approval to 8 brokerage firms to open branches in 5 districts,https://myrepublica.nagariknetwork.com/news/sebon-grants-initial-approval-to-8-brokerage-firms-to-open-branches-in-5-districts/,gdelt,gdelt,myrepublica.nagariknetwork.com
2019-02-05,Stocks extend losing run,https://www.msn.com/en-xl/news/other/stocks-extend-losing-run/ar-BBTbxv7,gdelt,gdelt,msn.com
2019-02-05,Stocks extend losing run,https://myrepublica.nagariknetwork.com/news/stocks-extend-losing-run/,gdelt,gdelt,myrepublica.nagariknetwork.com
2019-02-06,Securities Board allows brokerage firms to give margin loans - Money,http://kathmandupost.ekantipur.com/news/2019-02-06/securities-board-allows-brokerage-firms-to-give-margin-loans.html,gdelt,gdelt,kathmandupost.ekantipur.com
2019-02-06,Nepse ends slightly higher as selling pressure subdues,https://myrepublica.nagariknetwork.com/news/nepse-ends-slightly-higher-as-selling-pressure-subdues/,gdelt,gdelt,myrepublica.nagariknetwork.com
2019-02-07,Nepse finishes 7.38 points lower,https://myrepublica.nagariknetwork.com/news/nepse-finishes-7-38-points-lower/,gdelt,gdelt,myrepublica.nagariknetwork.com
2019-02-08,Nepse ends week on a flat note,https://myrepublica.nagariknetwork.com/news/nepse-ends-week-on-a-flat-note/,gdelt,gdelt,myrepublica.nagariknetwork.com
2019-02-09,Nepse logs 22 points weekly loss amid interest rate woes,https://myrepublica.nagariknetwork.com/news/nepse-logs-22-points-weekly-loss-amid-interest-rate-woes/,gdelt,gdelt,myrepublica.nagariknetwork.com
2019-02-10,Nepse sheds 22.06pts as investors wait for high interest rates to fall - Money,http://kathmandupost.ekantipur.com/news/2019-02-10/nepse-sheds-2206pts-as-investors-wait-for-high-interest-rates-to-fall.html,gdelt,gdelt,kathmandupost.ekantipur.com
2019-02-10,Liquidity crunch dampens share investor sentiment,https://thehimalayantimes.com/business/liquidity-crunch-dampens-share-investors-sentiment/,gdelt,gdelt,thehimalayantimes.com
2019-02-11,EDITORIAL : Boost loanable funds,https://thehimalayantimes.com/opinion/editorial-boost-loanable-funds/,gdelt,gdelt,thehimalayantimes.com
2019-02-12,"Nepse snaps losing streak , ekes out marginal gains",https://myrepublica.nagariknetwork.com/news/nepse-snaps-losing-streak-ekes-out-marginal-gains/,gdelt,gdelt,myrepublica.nagariknetwork.com
2019-02-13,Turnover falls below Rs 200m as Nepse closes flat,https://myrepublica.nagariknetwork.com/news/turnover-falls-below-rs-200m-as-nepse-closes-flat/,gdelt,gdelt,myrepublica.nagariknetwork.com
2019-02-15,Nepse stoops to three - year low,https://myrepublica.nagariknetwork.com/news/nepse-stoops-to-three-year-low/,gdelt,gdelt,myrepublica.nagariknetwork.com
2019-02-15,Nepal share market Investors lose Rs 235 billion in one year – OnlineKhabar,http://english.onlinekhabar.com/nepals-share-market-investors-lose-rs-235-billion-in-one-year.html,gdelt,gdelt,english.onlinekhabar.com
2019-02-16,Nepse tumbles for four weeks in a row,https://myrepublica.nagariknetwork.com/news/nepse-tumbles-for-four-weeks-in-a-row/,gdelt,gdelt,myrepublica.nagariknetwork.com
2019-02-17,High interest rate puts off investors - Money - The Kathmandu Post,http://kathmandupost.ekantipur.com/news/2019-02-17/high-interest-rate-puts-off-investors.html,gdelt,gdelt,kathmandupost.ekantipur.com
2019-02-17,Secondary market still stuck in the doldrums,https://thehimalayantimes.com/business/secondary-market-still-stuck-in-the-doldrums/,gdelt,gdelt,thehimalayantimes.com
2019-02-17,High interest rate puts off investors - Money - The Kathmandu Post,https://kathmandupost.ekantipur.com/news/2019-02-17/high-interest-rate-puts-off-investors.html,gdelt,gdelt,kathmandupost.ekantipur.com
2019-02-17,Nepse opens week in red,https://myrepublica.nagariknetwork.com/news/nepse-opens-week-in-red/,gdelt,gdelt,myrepublica.nagariknetwork.com
2019-02-18,Stocks fall to three - year low - Money - The Kathmandu Post,http://kathmandupost.ekantipur.com/news/2019-02-18/stocks-fall-to-three-year-low.html,gdelt,gdelt,kathmandupost.ekantipur.com
2019-02-19,Share market : Is this the right time to enter ?,https://thehimalayantimes.com/opinion/share-market-is-this-the-right-time-to-enter/,gdelt,gdelt,thehimalayantimes.com
2019-02-19,Political roadblocks - Oped - The Kathmandu Post,http://kathmandupost.ekantipur.com/news/2019-02-19/political-roadblocks.html,gdelt,gdelt,kathmandupost.ekantipur.com
2019-02-22,"Public not getting promised returns from hydropower companies , say investors",https://www.msn.com/en-xl/news/other/public-not-getting-promised-returns-from-hydropower-companies-say-investors/ar-BBTViZy,gdelt,gdelt,msn.com
2019-02-22,"Public not getting promised returns from hydropower companies , say investors",https://myrepublica.nagariknetwork.com/news/public-not-getting-promised-returns-from-hydropower-companies-say-investors/,gdelt,gdelt,myrepublica.nagariknetwork.com
2019-02-24,Central Bank fails to bolster market - Money - The Kathmandu Post,http://kathmandupost.ekantipur.com/news/2019-02-24/central-bank-fails-to-bolster-market.html,gdelt,gdelt,kathmandupost.ekantipur.com
2019-02-24,Secondary market breaks losing streak,https://thehimalayantimes.com/business/secondary-market-breaks-losing-streak/,gdelt,gdelt,thehimalayantimes.com
2019-02-25,Nepse starts week on a negative note,https://myrepublica.nagariknetwork.com/news/nepse-starts-week-on-a-negative-note/,gdelt,gdelt,myrepublica.nagariknetwork.com
2019-02-26,"Nepal Stock Exchange rebounds after index dips to 1,100 points",https://myrepublica.nagariknetwork.com/news/nepal-stock-exchange-rebounds-after-index-dips-to-1-100-points/,gdelt,gdelt,myrepublica.nagariknetwork.com
2019-02-26,Stockbrokers threaten to protest,https://thehimalayantimes.com/business/stockbrokers-threaten-to-protest/,gdelt,gdelt,thehimalayantimes.com
2019-02-26,"Nepal Stock Exchange rebounds after index dips to 1,100 points",https://www.msn.com/en-xl/news/other/nepal-stock-exchange-rebounds-after-index-dips-to-1100-points/ar-BBU50mX,gdelt,gdelt,msn.com
2019-02-27,"Nepse nears 1,100 points",https://myrepublica.nagariknetwork.com/news/nepse-nears-1-100-points/,gdelt,gdelt,myrepublica.nagariknetwork.com
2019-02-27,Over a dozen companies issuing IPOs despite poor response - Money,http://kathmandupost.ekantipur.com/news/2019-02-27/over-a-dozen-companies-issuing-ipos-despite-poor-response.html,gdelt,gdelt,kathmandupost.ekantipur.com
2019-02-28,Stocks post modest gains offsetting mid - day surge,https://myrepublica.nagariknetwork.com/news/stocks-post-modest-gains-offsetting-mid-day-surge/,gdelt,gdelt,myrepublica.nagariknetwork.com
2019-02-28,Diagnosing the bearish NEPSE - Oped - The Kathmandu Post,http://kathmandupost.ekantipur.com/news/2019-02-28/diagnosing-the-bearish-nepse.html,gdelt,gdelt,kathmandupost.ekantipur.com
2019-03-02,Nepse inches lower in the week after failed recovery attempt,https://myrepublica.nagariknetwork.com/news/nepse-inches-lower-in-the-week-after-failed-recovery-attempt/,gdelt,gdelt,myrepublica.nagariknetwork.com
2019-03-02,Software glitches continue to plague online system - Money,http://kathmandupost.ekantipur.com/news/2019-03-02/software-glitches-continue-to-plague-online-system.html,gdelt,gdelt,kathmandupost.ekantipur.com
2019-03-03,Nepse continues downward trend,https://thehimalayantimes.com/business/nepse-continues-downward-trend/,gdelt,gdelt,thehimalayantimes.com
2019-03-03,Stock investors less than impressed with government policies ; Nepse down 7.54pts - Money,http://kathmandupost.ekantipur.com/news/2019-03-03/stock-investors-less-than-impressed-with-government-policies-nepse-down-754pts.html,gdelt,gdelt,kathmandupost.ekantipur.com
2019-03-03,"Nepse falls to three - year low of 1,100 points",https://www.msn.com/en-xl/news/other/nepse-falls-to-three-year-low-of-1100-points/ar-BBUkr0a,gdelt,gdelt,msn.com
2019-03-04,"Nepse falls to three - year low of 1,100 points",https://myrepublica.nagariknetwork.com/news/nepse-falls-to-three-year-low-of-1-100-points/,gdelt,gdelt,myrepublica.nagariknetwork.com
2019-03-06,"Nepse recovers after dropping to 1,100 points",https://www.msn.com/en-xl/news/other/nepse-recovers-after-dropping-to-1100-points/ar-BBUpYRA,gdelt,gdelt,msn.com
2019-03-06,"Nepse recovers after dropping to 1,100 points",https://myrepublica.nagariknetwork.com/news/nepse-recovers-after-dropping-to-1-100-points/,gdelt,gdelt,myrepublica.nagariknetwork.com
2019-03-07,Brokers demand to be allowed to diversify into other services - Money,http://kathmandupost.ekantipur.com/news/2019-03-07/brokers-demand-to-be-allowed-to-diversify-into-other-services.html,gdelt,gdelt,kathmandupost.ekantipur.com
2019-03-07,Nepse ends in green for second consecutive day,https://myrepublica.nagariknetwork.com/news/nepse-ends-in-green-for-second-consecutive-day/,gdelt,gdelt,myrepublica.nagariknetwork.com
2019-03-07,Share market in the verge of collapse ! – People Review,http://peoplesreview.com.np/share-market-in-the-verge-of-collapse/,gdelt,gdelt,peoplesreview.com.np
2019-03-08,Nepse closes fairly higher as stocks stretch gains,https://myrepublica.nagariknetwork.com/news/nepse-closes-fairly-higher-as-stocks-stretch-gains/,gdelt,gdelt,myrepublica.nagariknetwork.com
2019-03-08,Stock brokerage firms lose interest in margin trading - Money,http://kathmandupost.ekantipur.com/news/2019-03-08/stock-brokerage-firms-lose-interest-in-margin-trading.html,gdelt,gdelt,kathmandupost.ekantipur.com
2019-03-08,The World Federation Of Exchanges & Five Partner Organisations Bring Together 80 Exchanges To Ring The Bell For Gender Equality,http://www.mondovisione.com/media-and-resources/news/the-world-federation-of-exchanges-and-five-partner-organisations-bring-together-80/,gdelt,gdelt,mondovisione.com
2019-03-09,Stocks see strength as Nepse jumps 22 points in the week,https://myrepublica.nagariknetwork.com/news/stocks-see-strength-as-nepse-jumps-22-points-in-the-week/,gdelt,gdelt,myrepublica.nagariknetwork.com
2019-03-10,Nepse surges 22.24 points as banks start to reduce interest rate on loan - Money,http://kathmandupost.ekantipur.com/news/2019-03-10/nepse-surges-2224-points-as-banks-start-to-reduce-interest-rate-on-loan.html,gdelt,gdelt,kathmandupost.ekantipur.com
2019-03-10,Secondary market finally rises by 22.25 points,https://thehimalayantimes.com/business/secondary-market-finally-rises-by-22-25-points/,gdelt,gdelt,thehimalayantimes.com
2019-03-10,Nepse ends flat as trading remained largely affected by technical glitch in system,https://myrepublica.nagariknetwork.com/news/nepse-ends-flat-as-trading-remained-largely-affected-by-technical-glitch-in-system/,gdelt,gdelt,myrepublica.nagariknetwork.com
2019-03-10,Nepse ends flat as trading remained largely affected by technical glitch in system,https://www.msn.com/en-xl/news/other/nepse-ends-flat-as-trading-remained-largely-affected-by-technical-glitch-in-system/ar-BBUBCGM,gdelt,gdelt,msn.com
2019-03-11,Trading at Nepse halted due to software glitch,https://thehimalayantimes.com/business/trading-at-nepse-halted-due-to-software-glitch/,gdelt,gdelt,thehimalayantimes.com
2019-03-12,Bourse working to facilitate settlement of online trades - Money,http://kathmandupost.ekantipur.com/news/2019-03-12/bourse-working-to-facilitate-settlement-of-online-trades.html,gdelt,gdelt,kathmandupost.ekantipur.com
2019-03-13,Nepse closes higher erasing losses since early Feb,https://myrepublica.nagariknetwork.com/news/nepse-closes-higher-erasing-losses-since-early-feb/,gdelt,gdelt,myrepublica.nagariknetwork.com
2019-03-14,Nepse snaps six - day gaining streak,https://myrepublica.nagariknetwork.com/news/nepse-snaps-six-day-gaining-streak/,gdelt,gdelt,myrepublica.nagariknetwork.com
2019-03-15,Nepse ends week on a high note,https://myrepublica.nagariknetwork.com/news/nepse-ends-week-on-a-high-note/,gdelt,gdelt,myrepublica.nagariknetwork.com
2019-03-16,Stocks post gains for second week in a row,https://myrepublica.nagariknetwork.com/news/stocks-post-gains-for-second-week-in-a-row/,gdelt,gdelt,myrepublica.nagariknetwork.com
2019-03-17,Nepal Stock Exchange surges 27.69 points - Money,http://kathmandupost.ekantipur.com/news/2019-03-17/nepal-stock-exchange-surges-2769-points.html,gdelt,gdelt,kathmandupost.ekantipur.com
2019-03-17,Nepse index rises by 27.69 points,https://thehimalayantimes.com/business/nepse-index-rises-by-27-69-points/,gdelt,gdelt,thehimalayantimes.com
2019-03-18,Stocks close higher for second straight day,https://myrepublica.nagariknetwork.com/news/stocks-close-higher-for-second-straight-day/,gdelt,gdelt,myrepublica.nagariknetwork.com
2019-03-19,Nepse retraces erasing previous day gains,https://myrepublica.nagariknetwork.com/news/nepse-retraces-erasing-previous-day-s-gains/,gdelt,gdelt,myrepublica.nagariknetwork.com
2019-03-19,Anti - graft body to probe stock trading software deal - Money,http://kathmandupost.ekantipur.com/news/2019-03-19/anti-graft-body-to-probe-stock-trading-software-deal.html,gdelt,gdelt,kathmandupost.ekantipur.com
2019-03-20,Nepse down 7 points,https://myrepublica.nagariknetwork.com/news/nepse-down-7-points/,gdelt,gdelt,myrepublica.nagariknetwork.com
2019-03-24,Nepse two - week winning streak ends on transaction downfall - Money,http://kathmandupost.ekantipur.com/news/2019-03-24/nepses-two-week-winning-streak-ends-on-transaction-downfall.html,gdelt,gdelt,kathmandupost.ekantipur.com
2019-03-24,Local bourse down by 14.89 points,https://thehimalayantimes.com/business/local-bourse-down-by-14-89-points/,gdelt,gdelt,thehimalayantimes.com
2019-03-25,Investors stage protest at SEBON office,https://thehimalayantimes.com/business/investors-stage-protest-at-sebon-office/,gdelt,gdelt,thehimalayantimes.com
2019-03-25,Nepse extends losing streak,https://myrepublica.nagariknetwork.com/news/nepse-extends-losing-streak-1/,gdelt,gdelt,myrepublica.nagariknetwork.com
2019-03-26,Nepse rebounds after four - day losses,https://myrepublica.nagariknetwork.com/news/nepse-rebounds-after-four-day-losses/,gdelt,gdelt,myrepublica.nagariknetwork.com
2019-03-26,Nepse extends gains to second day,https://myrepublica.nagariknetwork.com/news/nepse-extends-gains-to-second-day/,gdelt,gdelt,myrepublica.nagariknetwork.com
2019-03-27,Investment summit is going to be a game changer,https://myrepublica.nagariknetwork.com/news/investment-summit-is-going-to-be-a-game-changer/,gdelt,gdelt,myrepublica.nagariknetwork.com
2019-03-28,Trade settlement period to be shortened to one day - Money,http://kathmandupost.ekantipur.com/news/2019-03-28/trade-settlement-period-to-be-shortened-to-one-day.html,gdelt,gdelt,kathmandupost.ekantipur.com
2019-03-29,Six banks to issue debentures worth Rs15.58b - Money,http://kathmandupost.ekantipur.com/news/2019-03-29/six-banks-to-issue-debentures-worth-rs1558b.html,gdelt,gdelt,kathmandupost.ekantipur.com
2019-03-31,Secondary market up by 3.96 points,https://thehimalayantimes.com/business/secondary-market-up-by-3-96-points/,gdelt,gdelt,thehimalayantimes.com
2019-04-01,Shares of only 31 listed companies eligible for margin trading from stockbrokers,https://myrepublica.nagariknetwork.com/news/shares-of-only-31-listed-companies-eligible-for-margin-trading-from-stockbrokers/,gdelt,gdelt,myrepublica.nagariknetwork.com
2019-04-01,Nepse inches lower amid indecision in the bourse,https://myrepublica.nagariknetwork.com/news/nepse-inches-lower-amid-indecision-in-the-bourse/,gdelt,gdelt,myrepublica.nagariknetwork.com
2019-05-01,Nepse extends correction to second day,https://myrepublica.nagariknetwork.com/news/nepse-extends-correction-to-second-day/,gdelt,gdelt,myrepublica.nagariknetwork.com
2019-05-05,"Stock market up 2.27 points on profit booking , investors gain Rs 2.81 billion - Money",http://kathmandupost.ekantipur.com/news/2019-05-05/stock-market-up-227-points-on-profit-booking-investors-gain-rs-281-billion.html,gdelt,gdelt,kathmandupost.ekantipur.com
2019-05-05,"Nepse in correction phase , up 2.27 points",https://thehimalayantimes.com/business/nepse-in-correction-phase-up-2-27-points/,gdelt,gdelt,thehimalayantimes.com
2019-05-05,"Stock market up 2.27 points on profit booking , investors gain Rs 2.81 billion - Money",https://kathmandupost.ekantipur.com/news/2019-05-05/stock-market-up-227-points-on-profit-booking-investors-gain-rs-281-billion.html,gdelt,gdelt,kathmandupost.ekantipur.com
2019-05-05,Nepse stretches losses for fourth straight day,https://myrepublica.nagariknetwork.com/news/nepse-stretches-losses-for-fourth-straight-day/,gdelt,gdelt,myrepublica.nagariknetwork.com
2019-05-07,EDITORIAL : ADB novel initiative | The Himalayan Times,https://thehimalayantimes.com/opinion/editorial-adbs-novel-initiative/,gdelt,gdelt,thehimalayantimes.com
2019-05-08,"Nepse hovers near 1,300 points",https://myrepublica.nagariknetwork.com/news/nepse-hovers-near-1-300-points/,gdelt,gdelt,myrepublica.nagariknetwork.com
2019-05-08,Stocks unchanged as investors look past corporate earnings,https://myrepublica.nagariknetwork.com/news/stocks-unchanged-as-investors-look-past-corporate-earnings/,gdelt,gdelt,myrepublica.nagariknetwork.com
2019-05-09,Stocks close lower in lackluster trading,https://myrepublica.nagariknetwork.com/news/stocks-close-lower-in-lackluster-trading/,gdelt,gdelt,myrepublica.nagariknetwork.com
2019-05-11,"Online trading system full of flaws , taskforce report finds - Money",http://kathmandupost.ekantipur.com/news/2019-05-11/online-trading-system-full-of-flaws-taskforce-report-finds.html,gdelt,gdelt,kathmandupost.ekantipur.com
2019-05-11,Nepse snaps six - week gaining streak with marginal loss,https://myrepublica.nagariknetwork.com/news/nepse-snaps-six-week-gaining-streak-with-marginal-loss/,gdelt,gdelt,myrepublica.nagariknetwork.com
2019-05-12,Benchmark index snaps six - week bullish trend,https://thehimalayantimes.com/business/benchmark-index-snaps-six-week-bullish-trend/,gdelt,gdelt,thehimalayantimes.com
2019-05-12,Rise in short term investor activity brings NEPSE down 2.43 points - Money,http://kathmandupost.ekantipur.com/news/2019-05-12/rise-in-short-term-investor-activity-brings-nepse-down-243-points.html,gdelt,gdelt,kathmandupost.ekantipur.com
2019-05-12,Nepse ends choppy trading session in green,https://myrepublica.nagariknetwork.com/news/nepse-ends-choppy-trading-session-in-green/,gdelt,gdelt,myrepublica.nagariknetwork.com
2019-05-13,Nepse surges 6.3 points,https://thehimalayantimes.com/kathmandu/nepse-surges-6-3-points/,gdelt,gdelt,thehimalayantimes.com
2019-05-13,Nepse surges 6.3 points,https://myrepublica.nagariknetwork.com/news/nepse-surges-6-3-points/,gdelt,gdelt,myrepublica.nagariknetwork.com
2019-05-15,"Nepse extends gains , closes firmly above 1,300 points",https://myrepublica.nagariknetwork.com/news/nepse-extends-gains-closes-firmly-above-1-300-points/,gdelt,gdelt,myrepublica.nagariknetwork.com
2019-05-16,Nepse extends winning streak to four straight days,https://myrepublica.nagariknetwork.com/news/nepse-extends-winning-streak-to-four-straight-days/,gdelt,gdelt,myrepublica.nagariknetwork.com
2019-05-16,IFC proposes to make $10m debt investment in Nepal Nirdhan bank,https://www.dealstreetasia.com/stories/ifc-nepals-nirdhan-bank-135963/,gdelt,gdelt,dealstreetasia.com
2019-05-17,Sebon yet to issue licences to securities dealers - Money,http://kathmandupost.ekantipur.com/news/2019-05-17/sebon-yet-to-issue-licences-to-securities-dealers.html,gdelt,gdelt,kathmandupost.ekantipur.com
2019-05-17,Nepse snaps four - day winning run,https://myrepublica.nagariknetwork.com/news/nepse-snaps-four-day-winning-run-1/,gdelt,gdelt,myrepublica.nagariknetwork.com
2019-05-19,NEPSE soars 26.75 points after unaudited report shows banks recording strong profits - Money,http://kathmandupost.ekantipur.com/news/2019-05-19/nepse-soars-2675-points-after-unaudited-report-shows-banks-recording-strong-profits.html,gdelt,gdelt,kathmandupost.ekantipur.com
2019-05-20,Nepse begins week with a dip,https://myrepublica.nagariknetwork.com/news/nepse-begins-week-with-a-dip/,gdelt,gdelt,myrepublica.nagariknetwork.com
2019-05-22,Nepse climbs as energy stocks rally,https://myrepublica.nagariknetwork.com/news/nepse-climbs-as-energy-stocks-rally/,gdelt,gdelt,myrepublica.nagariknetwork.com
2019-05-23,Stocks climb as energy stocks continue to outperform,https://myrepublica.nagariknetwork.com/news/stocks-climb-as-energy-stocks-continue-to-outperform/,gdelt,gdelt,myrepublica.nagariknetwork.com
2019-05-23,Nepal Stock Exchange expands electronic settlement system - Money,http://kathmandupost.ekantipur.com/news/2019-05-23/nepal-stock-exchange-expands-electronic-settlement-system.html,gdelt,gdelt,kathmandupost.ekantipur.com
2019-05-26,"Investors unconvinced about NEPSE rush to offload shares , market down 4.16 points - Money",http://kathmandupost.ekantipur.com/news/2019-05-26/investors-unconvinced-about-nepse-rush-to-offload-shares-market-down-416-points.html,gdelt,gdelt,kathmandupost.ekantipur.com
2019-05-26,Nepse mostly stable before budget,https://thehimalayantimes.com/business/nepse-mostly-stable-before-budget/,gdelt,gdelt,thehimalayantimes.com
2019-05-27,Nepse ends lower following broad decline,https://myrepublica.nagariknetwork.com/news/nepse-ends-lower-following-broad-decline/,gdelt,gdelt,myrepublica.nagariknetwork.com
2019-05-27,Govt plans to raise CGT on share transactions from next fiscal year,https://thehimalayantimes.com/business/govt-plans-to-raise-cgt-on-share-transactions-from-next-fiscal-year/,gdelt,gdelt,thehimalayantimes.com
2019-05-27,Trading volume dips as Nepse closes unchanged,https://myrepublica.nagariknetwork.com/news/trading-volume-dips-as-nepse-closes-unchanged/,gdelt,gdelt,myrepublica.nagariknetwork.com
2019-05-29,IFC close to extending up to $10m loan to Nepal NIC Asia Bank,https://www.dealstreetasia.com/stories/ifc-nepal-nic-asia-bank-137839/,gdelt,gdelt,dealstreetasia.com
2019-05-29,Nepse ends choppy trading session in green,https://myrepublica.nagariknetwork.com/news/nepse-ends-choppy-trading-session-in-green-1/,gdelt,gdelt,myrepublica.nagariknetwork.com
2019-05-30,NIBL Ace Capital Limited To Issue NIBL Sahabhagita Fund | New Spotlight Magazine,https://www.spotlightnepal.com/2019/05/30/nibl-ace-capital-limited-issue-nibl-sahabhagita-fund/,gdelt,gdelt,spotlightnepal.com
2019-05-30,Nepse closes higher as budget lifts investor sentiment,https://myrepublica.nagariknetwork.com/news/nepse-closes-higher-as-budget-lifts-investor-sentiment/,gdelt,gdelt,myrepublica.nagariknetwork.com
2019-05-31,Access to finance biggest obstacle to growth for private sector,https://myrepublica.nagariknetwork.com/news/access-to-finance-biggest-obstacle-to-growth-for-private-sector/,gdelt,gdelt,myrepublica.nagariknetwork.com
2019-05-31,Share investors pleased with federal budget of fiscal 2019 - 20,https://thehimalayantimes.com/business/share-investors-pleased-with-federal-budget-of-fiscal-2019-20/,gdelt,gdelt,thehimalayantimes.com
2019-06-01,Nepse gains 16.86 points past week,https://thehimalayantimes.com/business/nepse-gains-16-86-points-past-week/,gdelt,gdelt,thehimalayantimes.com
2019-06-01,Nepse gains 16.86 points past week,https://myrepublica.nagariknetwork.com/news/nepse-gains-16-86-points-past-week/,gdelt,gdelt,myrepublica.nagariknetwork.com
2019-06-02,"Investors doubt government budget will drive market , address underlying problems - Money",http://kathmandupost.ekantipur.com/news/2019-06-02/investors-doubt-government-budget-will-drive-market-address-underlying-problems.html,gdelt,gdelt,kathmandupost.ekantipur.com
2019-06-02,Nepse gains as budget addresses issues of secondary market,https://thehimalayantimes.com/business/nepse-gains-as-budget-addresses-issues-of-secondary-market/,gdelt,gdelt,thehimalayantimes.com
2019-06-03,Nepse ends lower following broad decline,https://myrepublica.nagariknetwork.com/news/nepse-ends-lower-following-broad-decline-1/,gdelt,gdelt,myrepublica.nagariknetwork.com
2019-06-03,In defence of small investments - Oped - The Kathmandu Post,http://kathmandupost.ekantipur.com/news/2019-06-02/in-defence-of-small-investments.html,gdelt,gdelt,kathmandupost.ekantipur.com
2019-06-04,Luxury hotels in Kathmandu post record profits on higher arrivals - Money,http://kathmandupost.ekantipur.com/news/2019-06-04/luxury-hotels-in-kathmandu-post-record-profits-on-higher-arrivals.html,gdelt,gdelt,kathmandupost.ekantipur.com
2019-06-04,Nepse slips for second straight day,https://myrepublica.nagariknetwork.com/news/nepse-slips-for-second-straight-day/,gdelt,gdelt,myrepublica.nagariknetwork.com
2019-06-04,NEPSE continues to slide by 3.56 points,https://myrepublica.nagariknetwork.com/news/nepse-continues-to-slide-by-3-56-points/,gdelt,gdelt,myrepublica.nagariknetwork.com
2019-06-05,Nepse extends losses for third straight day,https://myrepublica.nagariknetwork.com/news/nepse-extends-losses-for-third-straight-day-1/,gdelt,gdelt,myrepublica.nagariknetwork.com
2019-06-07,Stocks falter further,https://myrepublica.nagariknetwork.com/news/nepse-index-dips-by-1-36-today/,gdelt,gdelt,myrepublica.nagariknetwork.com
2019-06-08,"Stocks close the week lower , dragged by most of the traded sectors",https://myrepublica.nagariknetwork.com/news/stocks-close-the-week-lower-dragged-by-most-of-the-traded-sectors/,gdelt,gdelt,myrepublica.nagariknetwork.com
2019-06-09,Investors brush off recent budget announcement - Money,http://kathmandupost.ekantipur.com/news/2019-06-09/investors-brush-off-recent-budget-announcement.html,gdelt,gdelt,kathmandupost.ekantipur.com
2019-06-09,"Nepse in correction phase , down by 2.64pc",https://thehimalayantimes.com/business/nepse-in-correction-phase-down-by-2-64pc/,gdelt,gdelt,thehimalayantimes.com
2019-06-12,Nepse snaps losing streak,https://myrepublica.nagariknetwork.com/news/nepse-snaps-losing-streak/,gdelt,gdelt,myrepublica.nagariknetwork.com
2019-06-12,Nepse back to losing ways,https://myrepublica.nagariknetwork.com/news/nepse-back-to-losing-ways-1/,gdelt,gdelt,myrepublica.nagariknetwork.com
2019-06-13,Govt gets Rs 9.89 billion in dividend from only seven PEs,https://myrepublica.nagariknetwork.com/news/govt-gets-rs-9-89-billion-in-dividend-from-only-seven-pes/,gdelt,gdelt,myrepublica.nagariknetwork.com
2019-06-13,Stocks slide further,https://myrepublica.nagariknetwork.com/news/stocks-slide-further/,gdelt,gdelt,myrepublica.nagariknetwork.com
2019-06-14,Business and Corporate – Page 30 – People Review,http://peoplesreview.com.np/category/commerce-and-economy/business-and-corporate/page/30/,gdelt,gdelt,peoplesreview.com.np
2019-06-16,Investors flee from market - Money - The Kathmandu Post,http://kathmandupost.ekantipur.com/news/2019-06-16/investors-flee-from-market.html,gdelt,gdelt,kathmandupost.ekantipur.com
2019-06-16,Nepal capital market index declines for second consecutive week,https://www.nepal24hours.com/nepal-capital-market-index-declines-for-second-consecutive-week/,gdelt,gdelt,nepal24hours.com
2019-06-16,Nepse continues downward trend,https://thehimalayantimes.com/business/nepse-continues-downward-trend-2/,gdelt,gdelt,thehimalayantimes.com
2019-06-17,Nepse sheds 11 points as stock rout continues,https://myrepublica.nagariknetwork.com/news/nepse-sheds-11-points-as-stock-rout-continues/,gdelt,gdelt,myrepublica.nagariknetwork.com
2019-06-18,Hyatt Regency shuts down operations in the wake of a tussle between workers and management - Valley,http://kathmandupost.ekantipur.com/news/2019-06-18/hyatt-regency-shuts-down-operations.html,gdelt,gdelt,kathmandupost.ekantipur.com
2019-06-18,Hyatt Regency shuts operations citing labor dispute,https://myrepublica.nagariknetwork.com/news/hyatt-regency-shuts-operations-citing-labor-dispute/,gdelt,gdelt,myrepublica.nagariknetwork.com
2019-06-18,Nepal Hyatt Hotel in Kathmandu closed indefinitely – Nepal24Hours . com – Integration Through Media ….!,https://www.nepal24hours.com/nepals-hyatt-hotel-in-kathmandu-closed-indefinitely/,gdelt,gdelt,nepal24hours.com
2019-06-18,Hyatt Regency shuts down operations in the wake of a tussle between workers and management - Valley,https://kathmandupost.ekantipur.com/news/2019-06-18/hyatt-regency-shuts-down-operations.html,gdelt,gdelt,kathmandupost.ekantipur.com
2019-06-19,"Lack of effective policy eroding due investor confidence , stock analysts say - Money",http://kathmandupost.ekantipur.com/news/2019-06-19/lack-of-effective-policy-eroding-due-investor-confidence-stock-analysts-say.html,gdelt,gdelt,kathmandupost.ekantipur.com
2019-06-19,Stakeholders of Nepal stock market call to end the insider trading of stocks – Nepal24Hours . com – Integration Through Media ….!,https://www.nepal24hours.com/stakeholders-of-nepals-stock-market-call-to-end-the-insider-trading-of-stocks/,gdelt,gdelt,nepal24hours.com
2019-06-20,Stocks unchanged in range - bound trading,https://myrepublica.nagariknetwork.com/news/stocks-unchanged-in-range-bound-trading/,gdelt,gdelt,myrepublica.nagariknetwork.com
2019-06-20,Hyatt resumes services,https://thehimalayantimes.com/business/hyatt-resumes-services/,gdelt,gdelt,thehimalayantimes.com
2019-06-23,Investors in wait - and - watch mode - Money - The Kathmandu Post,http://kathmandupost.ekantipur.com/news/2019-06-23/investors-in-wait-and-watch-mode.html,gdelt,gdelt,kathmandupost.ekantipur.com
2019-06-23,Nepse records third weekly decline,https://thehimalayantimes.com/business/nepse-records-third-weekly-decline/,gdelt,gdelt,thehimalayantimes.com
2019-06-23,Nepse down 10 point,https://myrepublica.nagariknetwork.com/news/nepse-down-10-point/,gdelt,gdelt,myrepublica.nagariknetwork.com
2019-06-25,Stocks post modest gains,https://myrepublica.nagariknetwork.com/news/stocks-post-modest-gains/,gdelt,gdelt,myrepublica.nagariknetwork.com
2019-06-25,"Nepse closes little changed , while turnover slumps",https://myrepublica.nagariknetwork.com/news/nepse-closes-little-changed-while-turnover-slumps/,gdelt,gdelt,myrepublica.nagariknetwork.com
2019-06-27,Nepse ends week in red after choppy trading,https://myrepublica.nagariknetwork.com/news/nepse-ends-week-in-red-after-choppy-trading/,gdelt,gdelt,myrepublica.nagariknetwork.com
2019-06-28,Asiamoney best bank awards 2019 : Nepal,https://www.euromoney.com/article/b1fq85pdngxd6z/asiamoney-best-bank-awards-2019-nepal,gdelt,gdelt,euromoney.com
2019-06-28,Nepal financial inclusion : Banking on top of the world,https://www.euromoney.com/article/b1g037c5jmy5jn/nepal-financial-inclusion-banking-on-top-of-the-world,gdelt,gdelt,euromoney.com
2019-06-29,Nepse sees fluctuation this week,https://myrepublica.nagariknetwork.com/news/nepse-sees-fluctuation-this-week/,gdelt,gdelt,myrepublica.nagariknetwork.com
2019-06-30,Investors doubt central bank ability to introduce effective monetary policies - Money,http://kathmandupost.ekantipur.com/news/2019-06-30/investors-doubt-central-banks-ability-to-introduce-effective-monetary-policies.html,gdelt,gdelt,kathmandupost.ekantipur.com
2019-06-30,Nepse index in bearish trend for fourth week,https://thehimalayantimes.com/business/nepse-index-in-bearish-trend-for-fourth-week/,gdelt,gdelt,thehimalayantimes.com
2019-07-01,Nepal Securities Board hosts consumer protection Asia Pacific conference on July 2,https://www.nepal24hours.com/nepal-securities-board-hosts-consumer-protection-asia-pacific-conference-on-july-2/,gdelt,gdelt,nepal24hours.com
2019-07-01,Market closes worst month since June last year,https://myrepublica.nagariknetwork.com/news/market-closes-worst-month-since-june-last-year/,gdelt,gdelt,myrepublica.nagariknetwork.com
2019-08-01,Nepse extends gains as micro finance shares surge,https://myrepublica.nagariknetwork.com/news/nepse-extends-gains-as-micro-finance-shares-surge/,gdelt,gdelt,myrepublica.nagariknetwork.com
2019-08-01,Row related to CGT in share transaction resolved,https://thehimalayantimes.com/business/row-related-to-capital-gains-tax-in-share-transaction-resolved/,gdelt,gdelt,thehimalayantimes.com
2019-08-01,Nepse ends week in red,https://myrepublica.nagariknetwork.com/news/nepse-ends-week-in-red-1/,gdelt,gdelt,myrepublica.nagariknetwork.com
2019-08-03,Nepse posts weekly loss in spite of mid - week recovery,https://myrepublica.nagariknetwork.com/news/nepse-posts-weekly-loss-in-spite-of-mid-week-recovery/,gdelt,gdelt,myrepublica.nagariknetwork.com
2019-08-04,Lack of investor confidence hits Nepse,https://thehimalayantimes.com/business/lack-of-investor-confidence-hits-nepse/,gdelt,gdelt,thehimalayantimes.com
2019-08-05,Nepse opens week with moderate losses,https://myrepublica.nagariknetwork.com/news/nepse-opens-week-with-moderate-losses/,gdelt,gdelt,myrepublica.nagariknetwork.com
2019-08-06,Nepse drops for third straight session,https://myrepublica.nagariknetwork.com/news/nepse-drops-for-third-straight-session/,gdelt,gdelt,myrepublica.nagariknetwork.com
2019-08-07,Nepse down for fourth session in broad slump,https://myrepublica.nagariknetwork.com/news/nepse-down-for-fourth-session-in-broad-slump/,gdelt,gdelt,myrepublica.nagariknetwork.com
2019-08-07,Nepse snaps four - day losing run,https://myrepublica.nagariknetwork.com/news/nepse-snaps-four-day-losing-run-1/,gdelt,gdelt,myrepublica.nagariknetwork.com
2019-08-08,Bankers urge NRB to review new spread rate calculation decision,https://thehimalayantimes.com/business/bankers-urge-nrb-to-review-new-spread-rate-calculation-decision/,gdelt,gdelt,thehimalayantimes.com
2019-08-08,Nepse closes week in red losing 9.92 points,https://myrepublica.nagariknetwork.com/news/nepse-closes-week-in-red-losing-9-92-points/,gdelt,gdelt,myrepublica.nagariknetwork.com
2019-08-11,Confusion related to CGT hits Nepse,https://thehimalayantimes.com/business/confusion-related-to-cgt-hits-nepse/,gdelt,gdelt,thehimalayantimes.com
2019-08-12,Nepse drops as August slump continues,https://myrepublica.nagariknetwork.com/news/nepse-drops-as-august-s-slump-continues/,gdelt,gdelt,myrepublica.nagariknetwork.com
2019-08-13,Market unchanged in thin trade,https://myrepublica.nagariknetwork.com/news/market-unchanged-in-thin-trade/,gdelt,gdelt,myrepublica.nagariknetwork.com
2019-08-14,Nepse sees modest drop hitting a fresh 3 - month low,https://myrepublica.nagariknetwork.com/news/nepse-sees-modest-drop-hitting-a-fresh-3-month-low/,gdelt,gdelt,myrepublica.nagariknetwork.com
2019-08-15,Nepse continues sluggish run,https://myrepublica.nagariknetwork.com/news/nepse-continues-sluggish-run/,gdelt,gdelt,myrepublica.nagariknetwork.com
2019-08-18,Dont provide sharebroker licence to banks for now,https://thehimalayantimes.com/business/dont-provide-sharebroker-licence-to-banks-for-now/,gdelt,gdelt,thehimalayantimes.com
2019-08-18,Nepal Stock Exchange index decline continues,https://www.nepal24hours.com/nepal-stock-exchange-index-decline-continues/,gdelt,gdelt,nepal24hours.com
2019-08-18,CGT dispute a drag on investor sentiment,https://thehimalayantimes.com/business/cgt-dispute-a-drag-on-investor-sentiment/,gdelt,gdelt,thehimalayantimes.com
2019-08-20,"Nepse breaks 4 - day losing streak , partially erasing previous day losses",https://myrepublica.nagariknetwork.com/news/nepse-breaks-4-day-losing-streak-partially-erasing-previous-day-s-losses/,gdelt,gdelt,myrepublica.nagariknetwork.com
2019-08-22,Process to issue stockbroker license to bank subsidiaries halted,https://myrepublica.nagariknetwork.com/news/process-to-issue-stock-broker-license-to-bank-subsidiaries-halted/,gdelt,gdelt,myrepublica.nagariknetwork.com
2019-08-22,Nepse wavers as selling pressure eases,https://myrepublica.nagariknetwork.com/news/nepse-wavers-as-selling-pressure-eases/,gdelt,gdelt,myrepublica.nagariknetwork.com
2019-08-22,Nepse ends week in red,https://myrepublica.nagariknetwork.com/news/nepse-ends-week-in-red-2/,gdelt,gdelt,myrepublica.nagariknetwork.com
2019-08-24,Stocks extend August sell - off,https://myrepublica.nagariknetwork.com/news/stocks-extend-august-s-sell-off/,gdelt,gdelt,myrepublica.nagariknetwork.com
2019-08-25,Lack of investor confidence affects Nepse,https://thehimalayantimes.com/business/lack-of-investors-confidence-affects-nepselack-of-investors-confidence-affects-nepse/,gdelt,gdelt,thehimalayantimes.com
2019-08-26,Stocks trim intraday losses to close with modest decline,https://myrepublica.nagariknetwork.com/news/stocks-trim-intraday-losses-to-close-with-modest-decline/,gdelt,gdelt,myrepublica.nagariknetwork.com
2019-08-27,Nepse ends lower for third straight session after broad sell - off,https://myrepublica.nagariknetwork.com/news/nepse-ends-lower-for-third-straight-session-after-broad-sell-off/,gdelt,gdelt,myrepublica.nagariknetwork.com
2019-08-27,Nepse snaps 3 - day losing run,https://myrepublica.nagariknetwork.com/news/nepse-snaps-3-day-losing-run/,gdelt,gdelt,myrepublica.nagariknetwork.com
2019-08-28,Nepse drops erasing previous day gains,https://myrepublica.nagariknetwork.com/news/nepse-drops-erasing-previous-day-gains/,gdelt,gdelt,myrepublica.nagariknetwork.com
2019-08-29,Axiata Group Swung to Profit in 2Q,https://www.morningstar.com/news/dow-jones/20190829523/axiata-group-swung-to-profit-in-2q,gdelt,gdelt,morningstar.com
2019-08-29,NBA seeks resumption of process to issue stock broker license to banks,https://myrepublica.nagariknetwork.com/news/nba-seeks-resumption-of-process-to-issue-stock-broker-license-to-banks/,gdelt,gdelt,myrepublica.nagariknetwork.com
2019-08-29,NBA urges issuance of broker licence to banks,https://thehimalayantimes.com/business/nba-urges-issuance-of-broker-licence-to-banks/,gdelt,gdelt,thehimalayantimes.com
2019-08-30,Aug 30 : 6 things to know by 6 PM today,https://myrepublica.nagariknetwork.com/news/aug-30-6-things-to-know-by-6-pm-today/,gdelt,gdelt,myrepublica.nagariknetwork.com
2019-08-30,Nepse extends losses to sixth straight week,https://myrepublica.nagariknetwork.com/news/nepse-extends-losses-to-sixth-straight-week/,gdelt,gdelt,myrepublica.nagariknetwork.com
2019-09-01,Nepal capital market index declines by 16.65 points over week – Nepal24Hours . com – Integration Through Media ….!,https://www.nepal24hours.com/nepals-capital-market-index-declines-by-16-65-points-over-week/,gdelt,gdelt,nepal24hours.com
2019-09-01,"Nepse still in bearish run , down 1.37 per cent",https://thehimalayantimes.com/business/nepse-still-in-bearish-run-down-1-37-per-cent/,gdelt,gdelt,thehimalayantimes.com
2019-09-02,"Market tumbles as insurance , energy stocks falter",https://myrepublica.nagariknetwork.com/news/market-tumbles-as-insurance-energy-stocks-falter/,gdelt,gdelt,myrepublica.nagariknetwork.com
2019-09-03,Nepse sheds 15 points as market rout continues,https://myrepublica.nagariknetwork.com/news/nepse-sheds-15-points-as-market-rout-continues/,gdelt,gdelt,myrepublica.nagariknetwork.com
2019-09-04,Nepse rebounds with 20 - point rally,https://myrepublica.nagariknetwork.com/news/nepse-rebounds-with-20-point-rally/,gdelt,gdelt,myrepublica.nagariknetwork.com
2019-09-04,"Nepse near 1,200 points as market extends rally",https://myrepublica.nagariknetwork.com/news/nepse-near-1-200-points-as-market-extends-rally/,gdelt,gdelt,myrepublica.nagariknetwork.com
2019-09-05,Nepse ends week in red,https://myrepublica.nagariknetwork.com/news/nepse-ends-week-in-red-3/,gdelt,gdelt,myrepublica.nagariknetwork.com
2019-09-07,Nepse posts 7th straight weekly loss despite midweek rally,https://myrepublica.nagariknetwork.com/news/nepse-posts-7th-straight-weekly-loss-despite-midweek-rally/,gdelt,gdelt,myrepublica.nagariknetwork.com
2019-09-08,Nepse index loses 5.35 points,https://thehimalayantimes.com/business/nepse-index-loses-5-35-points/,gdelt,gdelt,thehimalayantimes.com
2019-09-09,Stocks post rough start to the week,https://myrepublica.nagariknetwork.com/news/stocks-post-rough-start-to-the-week/,gdelt,gdelt,myrepublica.nagariknetwork.com
2019-09-10,Nepse extends losses for third straight day,https://myrepublica.nagariknetwork.com/news/nepse-extends-losses-for-third-straight-day-2/,gdelt,gdelt,myrepublica.nagariknetwork.com
2019-09-11,Nepse sees modest drop after a volatile day,https://myrepublica.nagariknetwork.com/news/nepse-sees-modest-drop-after-a-volatile-day/,gdelt,gdelt,myrepublica.nagariknetwork.com
2019-09-12,Nepse ends lower for fifth straight session,https://myrepublica.nagariknetwork.com/news/nepse-ends-lower-for-fifth-straight-session/,gdelt,gdelt,myrepublica.nagariknetwork.com
2019-09-13,Nepse index closes the week in negative territory,https://myrepublica.nagariknetwork.com/news/nepse-index-closes-the-week-in-negative-territory/,gdelt,gdelt,myrepublica.nagariknetwork.com
2019-09-14,Nepse sheds 33 points in the week intensifying market out,https://myrepublica.nagariknetwork.com/news/nepse-sheds-33-points-in-the-week-intensifying-market-out/,gdelt,gdelt,myrepublica.nagariknetwork.com
2019-09-15,Investors lose hope in stock market - The Himalayan Times,https://thehimalayantimes.com/business/investors-lose-hope-in-stock-market/,gdelt,gdelt,thehimalayantimes.com
2019-09-16,Second stock market : Does Nepal need one ?,https://thehimalayantimes.com/opinion/second-stock-market-does-nepal-need-one/,gdelt,gdelt,thehimalayantimes.com
2019-09-16,Nepse extends bear run to seventh day,https://myrepublica.nagariknetwork.com/news/nepse-extends-bear-run-to-seventh-day/,gdelt,gdelt,myrepublica.nagariknetwork.com
2019-09-17,"Nepse drops 16 points , extends losing run to eighth straight day",https://myrepublica.nagariknetwork.com/news/nepse-drops-16-points-extends-losing-run-to-eighth-straight-day/,gdelt,gdelt,myrepublica.nagariknetwork.com
2019-09-18,Nepse snaps losing spree with a 26 - point rally,https://myrepublica.nagariknetwork.com/news/nepse-snaps-losing-spree-with-a-26-point-rally/,gdelt,gdelt,myrepublica.nagariknetwork.com
2019-09-18,"Right time to invest in secondary market , says FinMin Khatiwada",https://thehimalayantimes.com/business/right-time-to-invest-in-secondary-market-says-finmin-khatiwada/,gdelt,gdelt,thehimalayantimes.com
2019-09-18,Share investors rejoice,https://thehimalayantimes.com/business/share-investors-rejoice/,gdelt,gdelt,thehimalayantimes.com
2019-09-19,Nepse surges 50 points in two - day rally,https://myrepublica.nagariknetwork.com/news/nepse-surges-50-points-in-two-day-rally/,gdelt,gdelt,myrepublica.nagariknetwork.com
2019-09-20,Nepse loses 18 points after two - day rally,https://myrepublica.nagariknetwork.com/news/nepse-loses-18-points-after-two-day-rally/,gdelt,gdelt,myrepublica.nagariknetwork.com
2019-09-21,Stocks cap wild week with modest loss,https://myrepublica.nagariknetwork.com/news/stocks-cap-wild-week-with-modest-loss/,gdelt,gdelt,myrepublica.nagariknetwork.com
2019-09-22,Positive political cues limit Nepse loss,https://thehimalayantimes.com/business/positive-political-cues-limit-nepses-loss/,gdelt,gdelt,thehimalayantimes.com
2019-09-27,Nepse stretches losses for third straight day,https://myrepublica.nagariknetwork.com/news/nepse-stretches-losses-for-third-straight-day/,gdelt,gdelt,myrepublica.nagariknetwork.com
2019-09-28,Nepse extends losses for 10 straight weeks,https://myrepublica.nagariknetwork.com/news/nepse-extends-losses-for-10-straight-weeks/,gdelt,gdelt,myrepublica.nagariknetwork.com
2019-09-29,New rule dampens share investor sentiment,https://thehimalayantimes.com/business/new-rule-dampens-share-investor-sentiment/,gdelt,gdelt,thehimalayantimes.com
2019-09-30,Nepse opens week in red,https://myrepublica.nagariknetwork.com/news/nepse-opens-week-in-red-1/,gdelt,gdelt,myrepublica.nagariknetwork.com
2019-10-01,Nepse snaps losing streak as hotels lead,https://myrepublica.nagariknetwork.com/news/nepse-snaps-losing-streak-as-hotels-lead/,gdelt,gdelt,myrepublica.nagariknetwork.com
2019-10-02,Nepse extends gain with 10 point advance,https://myrepublica.nagariknetwork.com/news/nepse-extends-gain-with-10-point-advance/,gdelt,gdelt,myrepublica.nagariknetwork.com
2019-10-03,Nepse witnesses modest correction after two days of gains,https://myrepublica.nagariknetwork.com/news/nepse-witnesses-modest-correction-after-two-days-of-gains/,gdelt,gdelt,myrepublica.nagariknetwork.com
2019-10-04,SEBON to amend its guidelines,https://thehimalayantimes.com/business/sebon-to-amend-its-guidelines/,gdelt,gdelt,thehimalayantimes.com
2019-10-05,Repost : Nepse snaps 10 - week losing spree,https://myrepublica.nagariknetwork.com/news/repost-nepse-snaps-10-week-losing-spree/,gdelt,gdelt,myrepublica.nagariknetwork.com
2019-10-12,Stocks flat after 5 day long holiday,https://myrepublica.nagariknetwork.com/news/stocks-flat-after-5-day-long-holiday/,gdelt,gdelt,myrepublica.nagariknetwork.com
2019-10-15,Nepase begins week with a 12 - point drop,https://myrepublica.nagariknetwork.com/news/nepase-begins-week-with-a-12-point-drop/,gdelt,gdelt,myrepublica.nagariknetwork.com
2019-10-16,Nepse up 5 points partially recouping Monday losses,https://myrepublica.nagariknetwork.com/news/nepse-up-5-points-partially-recouping-monday-s-losses/,gdelt,gdelt,myrepublica.nagariknetwork.com
2019-10-17,Nepse posts modest drop in thin Wednesday trading,https://myrepublica.nagariknetwork.com/news/nepse-posts-modest-drop-in-thin-wednesday-trading/,gdelt,gdelt,myrepublica.nagariknetwork.com
2019-10-18,Nepse ends last trading day of the week unchanged,https://myrepublica.nagariknetwork.com/news/nepse-ends-last-trading-day-of-the-week-unchanged/,gdelt,gdelt,myrepublica.nagariknetwork.com
2019-10-19,Nepse ends week lower,https://myrepublica.nagariknetwork.com/news/nepse-ends-week-lower/,gdelt,gdelt,myrepublica.nagariknetwork.com
2019-10-20,Unstable policies fuel pessimism in local bourse,https://thehimalayantimes.com/business/unstable-policies-fuel-pessimism-in-local-bourse/,gdelt,gdelt,thehimalayantimes.com
2019-10-21,Nepse edges lower in dull trading,https://myrepublica.nagariknetwork.com/news/nepse-edges-lower-in-dull-trading/,gdelt,gdelt,myrepublica.nagariknetwork.com
2019-10-21,Nepse halts trading of 81 listed companies,https://thehimalayantimes.com/business/nepse-halts-trading-of-81-listed-companies/,gdelt,gdelt,thehimalayantimes.com
2019-10-22,Nepse inches lower for second straight day,https://myrepublica.nagariknetwork.com/news/nepse-inches-lower-for-second-straight-day/,gdelt,gdelt,myrepublica.nagariknetwork.com
2019-10-23,Nepse sees green after two sessions of modest drop,https://myrepublica.nagariknetwork.com/news/nepse-sees-green-after-two-sessions-of-modest-drop/,gdelt,gdelt,myrepublica.nagariknetwork.com
2019-10-25,Nepse closes higher for third straight day,https://myrepublica.nagariknetwork.com/news/nepse-closes-higher-for-third-straight-day/,gdelt,gdelt,myrepublica.nagariknetwork.com
2019-11-01,Nepse posts modest loss,https://myrepublica.nagariknetwork.com/news/nepse-posts-modest-loss/,gdelt,gdelt,myrepublica.nagariknetwork.com
2019-11-03,Nepse yet to recover from festivities,https://thehimalayantimes.com/business/nepse-yet-to-recover-from-festivities/,gdelt,gdelt,thehimalayantimes.com
2019-11-05,Reforming capital market,https://myrepublica.nagariknetwork.com/news/reforming-capital-market/,gdelt,gdelt,myrepublica.nagariknetwork.com
2019-11-07,Nepse inches lower as buyers hold back,https://myrepublica.nagariknetwork.com/news/nepse-inches-lower-as-buyers-hold-back/,gdelt,gdelt,myrepublica.nagariknetwork.com
2019-11-08,Nepse down despite improved turnover,https://myrepublica.nagariknetwork.com/news/nepse-down-despite-improved-turnover/,gdelt,gdelt,myrepublica.nagariknetwork.com
2019-11-09,Stocks log weekly loss but consolidation continues,https://myrepublica.nagariknetwork.com/news/stocks-log-weekly-loss-but-consolidation-continues/,gdelt,gdelt,myrepublica.nagariknetwork.com
2019-11-10,Liquidity crisis hits secondary market - The Himalayan Times,https://thehimalayantimes.com/business/liquidity-crisis-hits-secondary-market/,gdelt,gdelt,thehimalayantimes.com
2019-11-10,Investors apathetic to margin trading amid bearish market,https://myrepublica.nagariknetwork.com/news/investors-apathetic-to-margin-trading-amid-bearish-market/,gdelt,gdelt,myrepublica.nagariknetwork.com
2019-11-11,Nepse opens week on flat note,https://myrepublica.nagariknetwork.com/news/nepse-opens-week-on-flat-note/,gdelt,gdelt,myrepublica.nagariknetwork.com
2019-11-12,Nepse rallies with a surge in daily turnover,https://myrepublica.nagariknetwork.com/news/nepse-rallies-with-a-surge-in-daily-turnover/,gdelt,gdelt,myrepublica.nagariknetwork.com
2019-11-13,Nepse pulls back giving up Monday gains,https://myrepublica.nagariknetwork.com/news/nepse-pulls-back-giving-up-monday-s-gains/,gdelt,gdelt,myrepublica.nagariknetwork.com
2019-11-14,Nepse inches lower for second straight session,https://myrepublica.nagariknetwork.com/news/nepse-inches-lower-for-second-straight-session/,gdelt,gdelt,myrepublica.nagariknetwork.com
2019-11-15,Nepse unchanged on last trading day of week,https://myrepublica.nagariknetwork.com/news/nepse-unchanged-on-last-trading-day-of-week/,gdelt,gdelt,myrepublica.nagariknetwork.com
2019-11-17,Share market still in correction phase,https://thehimalayantimes.com/business/share-market-still-in-correction-phase/,gdelt,gdelt,thehimalayantimes.com
2019-11-17,"Share market still in correction phase » Cityof7lakes . com║Pride of Lekhnath :: Online from Lekhnath , News of Nepal",http://www.cityof7lakes.com/c7lnews/share-market-still-in-correction-phase/,gdelt,gdelt,cityof7lakes.com
2019-11-18,Nepse begins week in red,https://myrepublica.nagariknetwork.com/news/nepse-begins-week-in-red-1/,gdelt,gdelt,myrepublica.nagariknetwork.com
2019-11-20,Market activity drops as stocks inch lower,https://myrepublica.nagariknetwork.com/news/market-activity-drops-as-stocks-inch-lower/,gdelt,gdelt,myrepublica.nagariknetwork.com
2019-11-20,Nepal luxury hotels are growing but the rooms are empty – ANN,https://asianews.network/2019/11/21/nepals-luxury-hotels-are-growing-but-the-rooms-are-empty-https-tkpo-st-333qbmi/,gdelt,gdelt,asianews.network
2019-11-23,"Investors indifferent to restructuring of minister cabinet - myRepublica - The New York Times Partner , Latest news of Nepal in English , Latest News Articles",https://myrepublica.nagariknetwork.com/news/investors-indifferent-to-restructuring-of-minister-s-cabinet/,gdelt,gdelt,myrepublica.nagariknetwork.com
2019-11-24,"Investor sentiment hits Nepse , down by 1.35pc",https://thehimalayantimes.com/business/investor-sentiment-hits-nepse-down-by-1-35pc/,gdelt,gdelt,thehimalayantimes.com
2019-11-25,Stocks suffer stretching losses to sixth straight session,https://myrepublica.nagariknetwork.com/news/stocks-suffer-stretching-losses-to-sixth-straight-session/,gdelt,gdelt,myrepublica.nagariknetwork.com
2019-11-27,Nepse ends slightly lower in Tuesday lackluster trading,https://myrepublica.nagariknetwork.com/news/nepse-ends-slightly-lower-in-tuesday-s-lackluster-trading/,gdelt,gdelt,myrepublica.nagariknetwork.com
2019-11-29,"Nepse loses 5 points on week last trading day - myRepublica - The New York Times Partner , Latest news of Nepal in English , Latest News Articles",https://myrepublica.nagariknetwork.com/news/nepse-loses-5-points-on-week-s-last-trading-day/,gdelt,gdelt,myrepublica.nagariknetwork.com
2019-12-01,Share market movement reflects investor immaturity : Analyst,https://thehimalayantimes.com/business/share-market-movement-reflects-investor-immaturity-analyst/,gdelt,gdelt,thehimalayantimes.com
2019-12-02,Nepse begins week on a flat note,https://myrepublica.nagariknetwork.com/news/nepse-begins-week-on-a-flat-note-1/,gdelt,gdelt,myrepublica.nagariknetwork.com
2019-12-02,Nepse begins week on a flat note,https://myrepublica.nagariknetwork.com/news/nepse-begins-week-on-a-flat-note/,gdelt,gdelt,myrepublica.nagariknetwork.com
2019-12-03,Nepse unchanged in choppy trading,https://myrepublica.nagariknetwork.com/news/nepse-unchanged-in-choppy-trading-1/,gdelt,gdelt,myrepublica.nagariknetwork.com
2019-12-04,"Stocks eke out marginal gains , but turnover still subdued",https://myrepublica.nagariknetwork.com/news/stocks-eke-out-marginal-gains-but-turnover-still-subdued/,gdelt,gdelt,myrepublica.nagariknetwork.com
2019-12-04,Debentures draw lukewarm response,https://myrepublica.nagariknetwork.com/news/debentures-draw-lukewarm-response/,gdelt,gdelt,myrepublica.nagariknetwork.com
2019-12-05,Nepse gains 9 points,https://myrepublica.nagariknetwork.com/news/nepse-gains-9-points/,gdelt,gdelt,myrepublica.nagariknetwork.com
2019-12-06,Nepse continues gaining streak,https://myrepublica.nagariknetwork.com/news/nepse-continues-gaining-streak-1/,gdelt,gdelt,myrepublica.nagariknetwork.com
2019-12-07,"Nepse ends week higher , buoyed by insurance stocks",https://myrepublica.nagariknetwork.com/news/nepse-ends-week-higher-buoyed-by-insurance-stocks/,gdelt,gdelt,myrepublica.nagariknetwork.com
2019-12-08,"Nepse on bullish run , rises by 19.13 points",https://thehimalayantimes.com/business/nepse-on-bullish-run-rises-by-19-13-points/,gdelt,gdelt,thehimalayantimes.com
2019-12-09,Nepse up 3 points on first trading day of week,https://myrepublica.nagariknetwork.com/news/nepse-up-3-points-on-first-trading-day-of-week/,gdelt,gdelt,myrepublica.nagariknetwork.com
2019-12-10,Nepse posts gain for fifth straight day,https://myrepublica.nagariknetwork.com/news/nepse-posts-gain-for-fifth-straight-day/,gdelt,gdelt,myrepublica.nagariknetwork.com
2019-12-11,"Nepse above 1,150 points",https://myrepublica.nagariknetwork.com/news/nepse-above-1-150-points/,gdelt,gdelt,myrepublica.nagariknetwork.com
2019-12-12,Microfinance and insurance stocks help Nepse stretch winning streak,https://myrepublica.nagariknetwork.com/news/microfinance-and-insurance-stocks-help-nepse-stretch-winning-streak/,gdelt,gdelt,myrepublica.nagariknetwork.com
2019-12-13,Nepal Stock Exchange index closes week firmly higher,https://myrepublica.nagariknetwork.com/news/nepal-stock-exchange-index-closes-week-firmly-higher/,gdelt,gdelt,myrepublica.nagariknetwork.com
2019-12-14,Nepse closes higher for two consecutive weeks,https://myrepublica.nagariknetwork.com/news/nepse-closes-higher-for-two-consecutive-weeks/,gdelt,gdelt,myrepublica.nagariknetwork.com
2019-12-15,Investor optimism spurs Nepse to double - digit rise,https://thehimalayantimes.com/business/investor-optimism-spurs-nepse-to-double-digit-rise/,gdelt,gdelt,thehimalayantimes.com
2019-12-16,"Nepse snaps 8 - day winning run , ends 5 points lower",https://myrepublica.nagariknetwork.com/news/nepse-snaps-8-day-winning-run-ends-5-points-lower/,gdelt,gdelt,myrepublica.nagariknetwork.com
2019-12-17,Nepse sees further correction losing 13 points,https://myrepublica.nagariknetwork.com/news/nepse-sees-further-correction-losing-13-points/,gdelt,gdelt,myrepublica.nagariknetwork.com
2019-12-18,Nepse up marginally as stocks hold ground,https://myrepublica.nagariknetwork.com/news/nepse-up-marginally-as-stocks-hold-ground/,gdelt,gdelt,myrepublica.nagariknetwork.com
2019-12-19,Nepse inches lower in thin trade,https://myrepublica.nagariknetwork.com/news/nepse-inches-lower-in-thin-trade/,gdelt,gdelt,myrepublica.nagariknetwork.com
2019-12-20,Nepse closes week with a modest loss,https://myrepublica.nagariknetwork.com/news/nepse-closes-week-with-a-modest-loss/,gdelt,gdelt,myrepublica.nagariknetwork.com
2019-12-21,Nepse closes week lower amidst notable profit booking,https://myrepublica.nagariknetwork.com/news/nepse-closes-week-lower-amidst-notable-profit-booking/,gdelt,gdelt,myrepublica.nagariknetwork.com
2019-12-22,Secondary market index declines by 23 points,https://thehimalayantimes.com/business/secondary-market-index-declines-by-23-points/,gdelt,gdelt,thehimalayantimes.com
2019-12-23,Nepse ends in green in choppy trade,https://myrepublica.nagariknetwork.com/news/nepse-ends-in-green-in-choppy-trade/,gdelt,gdelt,myrepublica.nagariknetwork.com
2019-12-24,Stocks rally as Nepse gains 18 points,https://myrepublica.nagariknetwork.com/news/stocks-rally-as-nepse-gains-18-points/,gdelt,gdelt,myrepublica.nagariknetwork.com
2019-12-25,Market pares intraday gains as Nepse closes in red,https://myrepublica.nagariknetwork.com/news/market-pares-intraday-gains-as-nepse-closes-in-red/,gdelt,gdelt,myrepublica.nagariknetwork.com
2019-12-25,Finance committee seeks investor feedback,https://thehimalayantimes.com/business/finance-committee-seeks-investors-feedback/,gdelt,gdelt,thehimalayantimes.com
2019-12-26,Nepse ekes out marginal gains,https://myrepublica.nagariknetwork.com/news/nepse-ekes-out-marginal-gains/,gdelt,gdelt,myrepublica.nagariknetwork.com
2019-12-27,Nepse ends week on a flat note,https://myrepublica.nagariknetwork.com/news/nepse-ends-week-on-a-flat-note-1/,gdelt,gdelt,myrepublica.nagariknetwork.com
2019-12-28,Nepse ends week 18 points higher,https://myrepublica.nagariknetwork.com/news/nepse-ends-week-18-points-higher/,gdelt,gdelt,myrepublica.nagariknetwork.com
2019-12-29,"Nepse in bullish trend , rises by 17.77 points",https://thehimalayantimes.com/business/nepse-in-bullish-trend-rises-by-17-77-points/,gdelt,gdelt,thehimalayantimes.com
2019-12-30,Nepse down 5 points,https://myrepublica.nagariknetwork.com/news/nepse-down-5-points/,gdelt,gdelt,myrepublica.nagariknetwork.com
2019-12-31,Nepse stretches sideways movement with modest gain,https://myrepublica.nagariknetwork.com/news/nepse-stretches-sideways-movement-with-modest-gain/,gdelt,gdelt,myrepublica.nagariknetwork.com
2020-01-01,20 useful apps for 2020,https://myrepublica.nagariknetwork.com/news/20-useful-apps-for-2020/,gdelt,gdelt,myrepublica.nagariknetwork.com
2020-01-01,Economic trends : Bright spots and malaise,https://myrepublica.nagariknetwork.com/news/economic-trends-bright-spots-and-malaise/,gdelt,gdelt,myrepublica.nagariknetwork.com
2020-01-02,Stocks begin 2020 on a positive footing,https://myrepublica.nagariknetwork.com/news/stocks-begin-2020-on-a-positive-footing/,gdelt,gdelt,myrepublica.nagariknetwork.com
2020-01-05,"Nepse sees modest drop , ending the week flat",https://myrepublica.nagariknetwork.com/news/nepse-sees-modest-drop-ending-the-week-flat/,gdelt,gdelt,myrepublica.nagariknetwork.com
2020-01-05,Share market investors in wait - and - see mode,https://thehimalayantimes.com/business/share-market-investors-in-wait-and-see-mode/,gdelt,gdelt,thehimalayantimes.com
2020-01-06,Nepse opens week with 16 - point rally,https://myrepublica.nagariknetwork.com/news/nepse-opens-week-with-16-point-rally/,gdelt,gdelt,myrepublica.nagariknetwork.com
2020-01-07,"Nepse crosses 1,200 - point mark to a fresh 4 - month high",https://myrepublica.nagariknetwork.com/news/nepse-crosses-1-200-point-mark-to-a-fresh-4-month-high/,gdelt,gdelt,myrepublica.nagariknetwork.com
2020-01-08,"Volume crosses 1 billion mark , as Nepse rallies for 3rd straight day",https://myrepublica.nagariknetwork.com/news/volume-crosses-1-billion-mark-as-nepse-rallies-for-3rd-straight-day/,gdelt,gdelt,myrepublica.nagariknetwork.com
2020-01-09,Nepse retraces slightly after three - day surge,https://myrepublica.nagariknetwork.com/news/nepse-retraces-slightly-after-three-day-surge/,gdelt,gdelt,myrepublica.nagariknetwork.com
2020-01-10,"Nepse turns green after Wednesday retracement - myRepublica - The New York Times Partner , Latest news of Nepal in English , Latest News Articles",https://myrepublica.nagariknetwork.com/news/nepse-turns-green-after-wednesday-s-retracement/,gdelt,gdelt,myrepublica.nagariknetwork.com
2020-01-11,Nepse shoots up 47 points in week broad rally,https://myrepublica.nagariknetwork.com/news/nepse-shoots-up-47-points-in-week-s-broad-rally/,gdelt,gdelt,myrepublica.nagariknetwork.com
2020-01-12,Positive political cues lift share investor confidence,https://thehimalayantimes.com/business/positive-political-cues-lift-share-investors-confidence/,gdelt,gdelt,thehimalayantimes.com
2020-01-12,"Positive political cues lift share investor confidence » Cityof7lakes . com║Pride of Lekhnath :: Online from Lekhnath , News of Nepal",http://www.cityof7lakes.com/news/english-news/c7lnews/positive-political-cues-lift-share-investors-confidence/,gdelt,gdelt,cityof7lakes.com
2020-01-13,Nepse shoots up 42 points in its best day in over 21 months,https://myrepublica.nagariknetwork.com/news/nepse-shoots-up-42-points-in-its-best-day-in-over-21-months/,gdelt,gdelt,myrepublica.nagariknetwork.com
2020-01-13,"Benchmark index gains 3.51pc , crosses 1,250 - point threshold",https://thehimalayantimes.com/business/benchmark-index-gains-3-51pc-crosses-1250-point-threshold/,gdelt,gdelt,thehimalayantimes.com
2020-01-13,NBA again submits memorandum seeking stock broker licence,https://thehimalayantimes.com/business/nba-again-submits-memorandum-seeking-stock-broker-licence/,gdelt,gdelt,thehimalayantimes.com
2020-01-13,"Benchmark index gains 3.51pc , crosses 1,250 - point threshold » Cityof7lakes . com║Pride of Lekhnath :: Online from Lekhnath , News of Nepal",http://www.cityof7lakes.com/news/english-news/c7lnews/benchmark-index-gains-3-51pc-crosses-1250-point-threshold/,gdelt,gdelt,cityof7lakes.com
2020-01-14,"NBA again submits memorandum seeking stock broker licence » Cityof7lakes . com║Pride of Lekhnath :: Online from Lekhnath , News of Nepal",http://www.cityof7lakes.com/news/english-news/c7lnews/nba-again-submits-memorandum-seeking-stock-broker-licence/,gdelt,gdelt,cityof7lakes.com
2020-01-14,"Nepse continues rising streak , up 15 points",https://myrepublica.nagariknetwork.com/news/nepse-continues-rising-streak-up-15-points/,gdelt,gdelt,myrepublica.nagariknetwork.com
2020-01-15,Stocks fall slightly in volatile trading,https://myrepublica.nagariknetwork.com/news/stocks-fall-slightly-in-volatile-trading/,gdelt,gdelt,myrepublica.nagariknetwork.com
2020-01-16,Stocks surge as investors eye scrips of BFIs,https://myrepublica.nagariknetwork.com/news/stocks-surge-as-investors-eye-scrips-of-bfis/,gdelt,gdelt,myrepublica.nagariknetwork.com
2020-01-16,Sebon mulls extending daily trading hours,https://myrepublica.nagariknetwork.com/news/sebon-mulls-extending-daily-trading-hours/,gdelt,gdelt,myrepublica.nagariknetwork.com
2020-01-17,"Nepse crosses 1,300 points",https://myrepublica.nagariknetwork.com/news/nepse-crosses-1-300-points/,gdelt,gdelt,myrepublica.nagariknetwork.com
2020-01-17,"Nepse near eight - month high , crosses 1,300 points",https://thehimalayantimes.com/business/nepse-near-eight-month-high-crosses-1300-points/,gdelt,gdelt,thehimalayantimes.com
2020-01-18,Nepse records its best weekly gain in over 20 months,https://myrepublica.nagariknetwork.com/news/nepse-records-its-best-weekly-gain-in-over-20-months/,gdelt,gdelt,myrepublica.nagariknetwork.com
2020-01-19,Secondary market enters markup phase,https://thehimalayantimes.com/business/secondary-market-enters-markup-phase/,gdelt,gdelt,thehimalayantimes.com
2020-01-20,"Nepse up 33 points , turnover above Rs 2b",https://myrepublica.nagariknetwork.com/news/nepse-up-33-points-turnover-above-rs-2b/,gdelt,gdelt,myrepublica.nagariknetwork.com
2020-01-21,Nepse down 27 points on heavy profit booking,https://myrepublica.nagariknetwork.com/news/nepse-down-27-points-on-heavy-profit-booking/,gdelt,gdelt,myrepublica.nagariknetwork.com
2020-01-21,Govt should provide incentives to real sector firms to enter Nepse,https://thehimalayantimes.com/business/govt-should-provide-incentives-to-real-sector-firms-to-enter-nepse/,gdelt,gdelt,thehimalayantimes.com
2020-01-22,Nepse ekes out marginal gains in volatile trading,https://myrepublica.nagariknetwork.com/news/nepse-ekes-out-marginal-gains-in-volatile-trading/,gdelt,gdelt,myrepublica.nagariknetwork.com
2020-01-24,Nepse down as profit booking continues,https://myrepublica.nagariknetwork.com/news/nepse-down-as-profit-booking-continues/,gdelt,gdelt,myrepublica.nagariknetwork.com
2020-01-25,Nepse erases early gains to close week in red,https://myrepublica.nagariknetwork.com/news/nepse-erases-early-gains-to-close-week-in-red/,gdelt,gdelt,myrepublica.nagariknetwork.com
2020-01-26,Nepse enters correction phase,https://thehimalayantimes.com/business/nepse-enters-correction-phase/,gdelt,gdelt,thehimalayantimes.com
2020-01-27,Nepse opens with 21 - point loss,https://myrepublica.nagariknetwork.com/news/nepse-opens-with-21-point-loss/,gdelt,gdelt,myrepublica.nagariknetwork.com
2020-01-28,Stocks erase previous day losses as Nepse jumps 24 points,https://myrepublica.nagariknetwork.com/news/stocks-erase-previous-day-losses-as-nepse-jumps-24-points/,gdelt,gdelt,myrepublica.nagariknetwork.com
2020-01-29,Stocks up for a second consecutive day,https://myrepublica.nagariknetwork.com/news/stocks-up-for-a-second-consecutive-day/,gdelt,gdelt,myrepublica.nagariknetwork.com
2020-01-30,Nepse unchanged after two days of gain,https://myrepublica.nagariknetwork.com/news/nepse-unchanged-after-two-days-of-gain/,gdelt,gdelt,myrepublica.nagariknetwork.com
2020-01-31,"Nepse surges as insurance , banking stocks post gains",https://myrepublica.nagariknetwork.com/news/nepse-surges-as-insurance-banking-stocks-post-gains/,gdelt,gdelt,myrepublica.nagariknetwork.com
2020-02-01,Nepse extends gains after prior week setbacks,https://myrepublica.nagariknetwork.com/news/nepse-extends-gains-after-prior-week-s-setbacks/,gdelt,gdelt,myrepublica.nagariknetwork.com
2020-02-02,Nepse index rebounds by 2.15 pc,https://thehimalayantimes.com/business/nepse-index-rebounds-by-2-15-pc/,gdelt,gdelt,thehimalayantimes.com
2020-02-03,Banking stocks propel Nepse to 20 - month high,https://myrepublica.nagariknetwork.com/news/banking-stocks-propel-nepse-to-20-month-high/,gdelt,gdelt,myrepublica.nagariknetwork.com
2020-02-03,"Nepse at 20 - month high , up by 21 points",https://thehimalayantimes.com/business/nepse-at-20-month-high-up-by-21-points/,gdelt,gdelt,thehimalayantimes.com
2020-02-04,Nepse closes higher for third straight day,https://myrepublica.nagariknetwork.com/news/nepse-closes-higher-for-third-straight-day-1/,gdelt,gdelt,myrepublica.nagariknetwork.com
2020-02-05,Nepse snaps three - day winning run,https://myrepublica.nagariknetwork.com/news/nepse-snaps-three-day-winning-run/,gdelt,gdelt,myrepublica.nagariknetwork.com
2020-02-06,Nepse slightly up as sectors end mixed,https://myrepublica.nagariknetwork.com/news/nepse-slightly-up-as-sectors-end-mixed/,gdelt,gdelt,myrepublica.nagariknetwork.com
2020-02-07,"Bank as broker : The good , the bad and the ugly",https://thehimalayantimes.com/opinion/bank-as-broker-the-good-the-bad-and-the-ugly/,gdelt,gdelt,thehimalayantimes.com
2020-02-07,Nepse ends week in red as selling pressure prevails,https://myrepublica.nagariknetwork.com/news/nepse-ends-week-in-red-as-selling-pressure-prevails/,gdelt,gdelt,myrepublica.nagariknetwork.com
2020-02-08,Stocks up a fraction in the first week of February,https://myrepublica.nagariknetwork.com/news/stocks-up-a-fraction-in-the-first-week-of-february/,gdelt,gdelt,myrepublica.nagariknetwork.com
2020-02-09,Secondary bourse up by 8.30 points,https://thehimalayantimes.com/business/secondary-bourse-up-by-8-30-points/,gdelt,gdelt,thehimalayantimes.com
2020-02-10,Nepse down as market extends correction further,https://myrepublica.nagariknetwork.com/news/nepse-down-as-market-extends-correction-further/,gdelt,gdelt,myrepublica.nagariknetwork.com
2020-02-11,"Nepse finds support at 1,320 points",https://myrepublica.nagariknetwork.com/news/nepse-finds-support-at-1-320-points/,gdelt,gdelt,myrepublica.nagariknetwork.com
2020-02-12,Nepse up for a second straight day,https://myrepublica.nagariknetwork.com/news/nepse-up-for-a-second-straight-day/,gdelt,gdelt,myrepublica.nagariknetwork.com
2020-02-13,Nepse extends gain for third straight day,https://myrepublica.nagariknetwork.com/news/nepse-extends-gain-for-third-straight-day/,gdelt,gdelt,myrepublica.nagariknetwork.com
2020-02-14,Nepse sees modest drop after 3 days of gains,https://myrepublica.nagariknetwork.com/news/nepse-sees-modest-drop-after-3-days-of-gains/,gdelt,gdelt,myrepublica.nagariknetwork.com
2020-02-15,Stocks stretch gains for a third consecutive week,https://myrepublica.nagariknetwork.com/news/stocks-stretch-gains-for-a-third-consecutive-week/,gdelt,gdelt,myrepublica.nagariknetwork.com
2020-02-16,Nepse index up by 10.90 points,https://thehimalayantimes.com/business/nepse-index-up-by-10-90-points/,gdelt,gdelt,thehimalayantimes.com
2020-02-17,How hydro companies are cheating shareholders,https://myrepublica.nagariknetwork.com/news/how-hydro-companies-are-cheating-shareholders/,gdelt,gdelt,myrepublica.nagariknetwork.com
2020-02-17,"Nepse rallies 20 points after Thursday correction - myRepublica - The New York Times Partner , Latest news of Nepal in English , Latest News Articles",https://myrepublica.nagariknetwork.com/news/nepse-rallies-20-points-after-thursday-s-correction/,gdelt,gdelt,myrepublica.nagariknetwork.com
2020-02-18,Nepse hits 21 - month high with record turnover,https://myrepublica.nagariknetwork.com/news/nepse-hits-21-month-high-with-record-turnover/,gdelt,gdelt,myrepublica.nagariknetwork.com
2020-02-19,"Nepse above 1,400 points for first time in 22 months",https://myrepublica.nagariknetwork.com/news/nepse-above-1-400-points-for-first-time-in-22-months/,gdelt,gdelt,myrepublica.nagariknetwork.com
2020-02-20,Nepse up for a fourth straight session,https://myrepublica.nagariknetwork.com/news/nepse-up-for-a-fourth-straight-session/,gdelt,gdelt,myrepublica.nagariknetwork.com
2020-02-21,"Nepse closes above 1,400 points with record turnover",https://myrepublica.nagariknetwork.com/news/nepse-closes-above-1-400-points-with-record-turnover/,gdelt,gdelt,myrepublica.nagariknetwork.com
2020-02-21,Share market at 22 - month - high,https://thehimalayantimes.com/business/share-market-at-22-month-high/,gdelt,gdelt,thehimalayantimes.com
2020-02-22,Nepse hits 2 - year high after week broad surge,https://myrepublica.nagariknetwork.com/news/nepse-hits-2-year-high-after-week-s-broad-surge/,gdelt,gdelt,myrepublica.nagariknetwork.com
2020-02-23,Market reform initiatives boost investor sentiment,https://thehimalayantimes.com/business/market-reform-initiatives-boost-investor-sentiment/,gdelt,gdelt,thehimalayantimes.com
2020-02-24,"Nepse hits 26 - month high driven by heavyweight bank surge - myRepublica - The New York Times Partner , Latest news of Nepal in English , Latest News Articles",https://myrepublica.nagariknetwork.com/news/nepse-hits-26-month-high-driven-by-heavyweight-banks-surge/,gdelt,gdelt,myrepublica.nagariknetwork.com
2020-02-24,"Nepse bull run continues , crosses 1,500 - point threshold",https://thehimalayantimes.com/business/nepse-bull-run-continues-crosses-1500-point-threshold/,gdelt,gdelt,thehimalayantimes.com
2020-02-25,Nepse witnesses modest drop but volumes stay upbeat,https://myrepublica.nagariknetwork.com/news/nepse-witnesses-modest-drop-but-volumes-stay-upbeat/,gdelt,gdelt,myrepublica.nagariknetwork.com
2020-02-26,"Nepse zooms past 1,500 points",https://myrepublica.nagariknetwork.com/news/nepse-zooms-past-1-500-points/,gdelt,gdelt,myrepublica.nagariknetwork.com
2020-02-27,Bourse rides on FinMin exit rumour,https://thehimalayantimes.com/business/bourse-rides-on-finmin-exit-rumour/,gdelt,gdelt,thehimalayantimes.com
2020-02-27,"Nepse near 1,600 points , logs turnover of Rs 4.15b",https://myrepublica.nagariknetwork.com/news/nepse-near-1-600-points-logs-turnover-of-rs-4-15b/,gdelt,gdelt,myrepublica.nagariknetwork.com
2020-02-27,UN Global Compact and Five Partner Organizations Ring the Bell for Gender Equality at 75 Stock Exchanges Globally,http://www.justmeans.com/press-release/un-global-compact-and-five-partner-organizations-ring-the-bell-for-gender-equality-at,gdelt,gdelt,justmeans.com
2020-02-28,Banking stocks surge as market witnesses record turnover,https://myrepublica.nagariknetwork.com/news/banking-stocks-surge-as-market-witnesses-record-turnover/,gdelt,gdelt,myrepublica.nagariknetwork.com
2020-02-28,Local bourse soars to 30 - month high,https://thehimalayantimes.com/business/local-bourse-soars-to-30-month-high/,gdelt,gdelt,thehimalayantimes.com
2020-02-28,UN Global Compact and Five Partner Organizations Ring the Bell for Gender Equality at 75 Stock Exchanges Globally – Press Releases on CSRwire . com,https://www.csrwire.com/press_releases/43767-UN-Global-Compact-and-Five-Partner-Organizations-Ring-the-Bell-for-Gender-Equality-at-75-Stock-Exchanges-Globally,gdelt,gdelt,csrwire.com
2020-02-29,UN Global Compact and Five Partner Organizations Ring the Bell for Gender Equality at 75 Stock Exchanges Globally,https://www.ssuchronicle.com/2020/02/29/un-global-compact-and-five-partner-organizations-ring-the-bell-for-gender-equality-at-75-stock-exchanges-globally/,gdelt,gdelt,ssuchronicle.com
2020-02-29,Nepse up roughly 200 points in its best week till date,https://myrepublica.nagariknetwork.com/news/nepse-up-roughly-200-points-in-its-best-week-till-date/,gdelt,gdelt,myrepublica.nagariknetwork.com
2020-03-01,Nepse soars on coronavirus windfall,https://thehimalayantimes.com/business/nepse-soars-on-coronavirus-windfall/,gdelt,gdelt,thehimalayantimes.com
2020-04-05,Former PMs and top leaders have individually contributed zero rupees to corona relief fund,https://myrepublica.nagariknetwork.com/news/former-pms-and-top-leaders-have-contributed-zero-rupees-to-corona-relief-fund/,gdelt,gdelt,myrepublica.nagariknetwork.com
2020-05-13,"Nepal Stock Exchange Resumes After 50 Days , Witnesses Steep Fall",https://www.nepalisansar.com/business/nepal-stock-exchange-resumes-after-50-days-witnesses-steep-fall/,gdelt,gdelt,nepalisansar.com
2020-05-14,Nepal share market to close from Thursday again – OnlineKhabar,https://english.onlinekhabar.com/nepal-share-market-to-close-from-thursday-again.html,gdelt,gdelt,english.onlinekhabar.com
2020-06-27,Share market to reopen from next week,https://myrepublica.nagariknetwork.com/news/share-market-to-reopen-from-next-week/,gdelt,gdelt,myrepublica.nagariknetwork.com
2020-07-09,"Daily Commentary : Nepse snaps three day gaining run - myRepublica - The New York Times Partner , Latest news of Nepal in English , Latest News Articles",https://myrepublica.nagariknetwork.com/news/daily-commentary-nepse-snaps-three-days-gaining-run/,gdelt,gdelt,myrepublica.nagariknetwork.com
2020-07-09,Daily Commentary : Stocks slightly up as market consolidates,https://myrepublica.nagariknetwork.com/news/daily-commentary-stocks-slightly-up-as-market-consolidates/,gdelt,gdelt,myrepublica.nagariknetwork.com
2020-08-16,Profit - making army and Nepal democracy,https://theannapurnaexpress.com/news/profit-making-army-and-nepals-democracy-2725,gdelt,gdelt,theannapurnaexpress.com
2020-08-19,Daily Commentary : Stocks ends in green for second straight day,https://www.msn.com/en-xl/news/other/daily-commentary-stocks-ends-in-green-for-second-straight-day/ar-BB187JW1,gdelt,gdelt,msn.com
2020-08-23,Nepal share market for newbies : 6 important things you should know,https://english.onlinekhabar.com/nepal-share-market-for-newbies-important-things-you-should-know.html,gdelt,gdelt,english.onlinekhabar.com
2020-09-06,"Weekly Commentary : Nepse finishes week above 1,500 - point mark",https://www.msn.com/en-xl/news/other/weekly-commentary-nepse-finishes-week-above-1500-point-mark/ar-BB18KqNN,gdelt,gdelt,msn.com
2020-12-20,Nepal : Parliament Dissolved : Fresh Elections in April / May 2021,http://www.southasiaanalysis.org/node/2714,gdelt,gdelt,southasiaanalysis.org
2021-01-26,8 reasons why Nepal share market is on a continuous rise – OnlineKhabar English News,https://english.onlinekhabar.com/8-reasons-why-nepals-share-market-is-on-a-continuous-rise.html,gdelt,gdelt,english.onlinekhabar.com
2021-01-27,Udhyamsheel five - day workshop,https://thehimalayantimes.com/business/udhyamsheels-five-day-workshop,gdelt,gdelt,thehimalayantimes.com
2021-02-05,Greenlife Hydropower issuing IPO from today,https://thehimalayantimes.com/business/greenlife-hydropower-issuing-ipo-from-today,gdelt,gdelt,thehimalayantimes.com
2021-02-08,Nepse sets new records,https://thehimalayantimes.com/business/nepse-sets-new-records,gdelt,gdelt,thehimalayantimes.com
2021-02-08,The Nepal Stock Exchange index reaches to highest point on Monday,https://thehimalayantimes.com/business/the-nepal-stock-exchange-index-reaches-to-highest-point-on-monday,gdelt,gdelt,thehimalayantimes.com
2021-02-14,"NIFRA share price up by 10 pc , reaches Rs 374 on first day »",https://www.cityof7lakes.com/news/english-news/c7lnews/nifra-share-price-up-by-10-pc-reaches-rs-374-on-first-day/,gdelt,gdelt,cityof7lakes.com
2021-02-15,"With 92.42 points rise , NEPSE on bullish trend",https://thehimalayantimes.com/business/with-9242-points-rise-nepse-on-bullish-trend,gdelt,gdelt,thehimalayantimes.com
2021-02-19,Nepse told to publicise financials of listed companies,https://thehimalayantimes.com/business/nepse-told-to-publicise-financials-of-listed-companies,gdelt,gdelt,thehimalayantimes.com
2021-02-26,The IPO rush : Know the risks involved,https://thehimalayantimes.com/opinion/the-ipo-rush-know-the-risks-involved,gdelt,gdelt,thehimalayantimes.com
2021-02-28,NEPSE bearish trend continues with around 80 point decline on first day of trading week,https://thehimalayantimes.com/business/nepses-bearish-trend-continues-with-80-point-decline-on-first-day-of-trading-week,gdelt,gdelt,thehimalayantimes.com
2021-03-02,UN Global Compact joins partners to ring the bell for gender equality at 99 stock exchanges,https://forextv.com/top-news/un-global-compact-joins-partners-to-ring-the-bell-for-gender-equality-at-99-stock-exchanges/,gdelt,gdelt,forextv.com
2021-03-03,CORRECTED : UN Global Compact joins partners to ring the bell for gender equality at more than 100 stock exchanges,http://www.globenewswire.com/news-release/2021/03/03/2185802/0/en/CORRECTED-UN-Global-Compact-joins-partners-to-ring-the-bell-for-gender-equality-at-more-than-100-stock-exchanges.html,gdelt,gdelt,globenewswire.com
2021-03-29,NEPSE index dives by 5.45 points on first trading day of week,https://thehimalayantimes.com/business/nepse-index-dives-by-545-points-on-first-trading-day-of-week,gdelt,gdelt,thehimalayantimes.com
2021-03-30,NEPSE bounces back with 32.15 points gain on Tuesday,https://thehimalayantimes.com/business/nepse-bounces-back-with-3215-points-gain-on-tuesday,gdelt,gdelt,thehimalayantimes.com
2021-03-31,"NEPSE sails past 2,600 points on Wednesday",https://thehimalayantimes.com/business/nepse-sails-past-2600-points-on-wednesday,gdelt,gdelt,thehimalayantimes.com
2021-04-06,Security Exchange board announces investigation into alleged insider trading in AJOD shares,https://thehimalayantimes.com/business/security-exchange-board-announces-investigation-into-alleged-insider-trading-in-ajod-shares,gdelt,gdelt,thehimalayantimes.com
2021-04-06,"NEPSE reaches all - time high point , market capitalization nears Rs 3700 billion",https://thehimalayantimes.com/business/nepse-reaches-all-time-high-point-market-capitalization-nears-rs-3700-billion,gdelt,gdelt,thehimalayantimes.com
2021-04-14,Nepse bids adieu to 2077 BS by setting a new record,https://thehimalayantimes.com/nepal/nepse-bids-adieu-to-2077-bs-by-setting-a-new-record,gdelt,gdelt,thehimalayantimes.com
2021-04-17,NIBLSF2 launched,https://thehimalayantimes.com/business/niblsf2-launched,gdelt,gdelt,thehimalayantimes.com
2021-04-25,NEPSE index dives by 75.79 points on first trading day of week,https://thehimalayantimes.com/business/nepse-index-dives-by-7579-points-on-first-trading-day-of-week,gdelt,gdelt,thehimalayantimes.com
2021-05-18,Third - quarter financial reports of luxury hotels show record catastrophe losses,https://www.msn.com/en-xl/asia/nepal/third-quarter-financial-reports-of-luxury-hotels-show-record-catastrophe-losses/ar-BB1gQuL2,gdelt,gdelt,msn.com
2021-05-18,"NEPSE reaches an all - time high at 2,793 points on Tuesday",https://thehimalayantimes.com/business/nepse-reaches-an-all-time-high-at-2793-points-on-tuesday,gdelt,gdelt,thehimalayantimes.com
2021-05-23,"NEPSE index touches all time high 2,820 points",https://thehimalayantimes.com/business/nepse-index-touches-all-time-high-2820-points,gdelt,gdelt,thehimalayantimes.com
2021-05-24,"Nepse sails past 2,800 - point threshold to a new high",https://thehimalayantimes.com/business/nepse-sails-past-2800-point-threshold-to-a-new-high,gdelt,gdelt,thehimalayantimes.com
2021-05-24,Nepal share market : Per - day transaction amount reaches record high – OnlineKhabar English News,https://english.onlinekhabar.com/nepals-share-market-per-day-transaction-amount-reaches-record-high.html,gdelt,gdelt,english.onlinekhabar.com
2021-05-25,Highest daily turnover as Nepse sets new record,https://thehimalayantimes.com/business/highest-daily-turnover-as-nepse-sets-new-record,gdelt,gdelt,thehimalayantimes.com
2021-05-27,Nepse sets record with Rs 14.768 billion daily turnover,https://thehimalayantimes.com/nepal/nepse-sets-record-with-rs-14768-billion-daily-turnover,gdelt,gdelt,thehimalayantimes.com
2021-05-28,Why Nepal share market is bullish while Covid - 19 is shattering the entire economy – OnlineKhabar English News,https://english.onlinekhabar.com/nepal-share-market-bullish-covid-19.html,gdelt,gdelt,english.onlinekhabar.com
2021-05-31,Nepse dives 45.07 points ; most hydropower companies witness steep fall,https://thehimalayantimes.com/business/nepse-dives-4507-points-most-hydropower-companies-witness-steep-fall,gdelt,gdelt,thehimalayantimes.com
2021-06-03,"Nepse hits another all - time high with 2,856.77 points",https://thehimalayantimes.com/business/nepse-hits-another-all-time-high-with-285677-points,gdelt,gdelt,thehimalayantimes.com
2021-06-06,"Nepse reaches all - time high yet again at 2,906 points ; over Rs 17b daily turnover recorded",https://thehimalayantimes.com/business/nepse-reaches-all-time-high-yet-again-at-2906-points-over-rs-17b-daily-turnover-recorded,gdelt,gdelt,thehimalayantimes.com
2021-06-08,"Another record for Nepse as it hits 2,960.14 points on Tuesday",https://thehimalayantimes.com/business/another-record-for-nepse-as-it-hits-296014-points-on-tuesday,gdelt,gdelt,thehimalayantimes.com
2021-06-14,"Nepse edges closer to 3,000 - point mark",https://thehimalayantimes.com/business/nepse-edges-closer-to-3000-point-mark,gdelt,gdelt,thehimalayantimes.com
2021-06-15,Nepse at fresh peak,https://thehimalayantimes.com/business/nepse-at-fresh-peak,gdelt,gdelt,thehimalayantimes.com
2021-06-15,Share - price of 51 companies found overvalued ; SEBON points irregularities in trading,https://thehimalayantimes.com/business/share-price-of-51-companies-found-overvalued-sebon-points-irregularities-in-trading,gdelt,gdelt,thehimalayantimes.com
2021-06-18,Nepse dips slightly as stocks recoup intra - day losses,https://www.msn.com/en-xl/asia/nepal/nepse-dips-slightly-as-stocks-recoup-intra-day-losses/ar-AALakJ1,gdelt,gdelt,msn.com
2021-06-20,Nepse plunges 63.11 points ; all sub - indices record loss today,https://thehimalayantimes.com/business/nepse-plunges-6311-points-all-sub-indices-record-loss-today,gdelt,gdelt,thehimalayantimes.com
2021-06-21,Nepse plunges further by 71.06 points today ; all sub - indices continues to record loss,https://thehimalayantimes.com/business/nepse-plunges-further-by-7106-points-today-all-sub-indices-continues-to-record-loss,gdelt,gdelt,thehimalayantimes.com
2021-06-23,How influencer are manipulating the Nepal share market ? – OnlineKhabar English News,https://english.onlinekhabar.com/how-influencers-are-manipulating-the-nepal-share-market.html,gdelt,gdelt,english.onlinekhabar.com
2021-06-24,himalayan times kathmandu nepal,http://www.hicarquitectura.com/mysjute/himalayan-times-kathmandu-nepal,gdelt,gdelt,hicarquitectura.com
2021-06-26,nepal accident news today,http://www.hicarquitectura.com/indl/nepal-accident-news-today,gdelt,gdelt,hicarquitectura.com
2021-06-28,Nepse begins week on upbeat note,https://www.msn.com/en-xl/asia/nepal/nepse-begins-week-on-upbeat-note/ar-AALvHOK,gdelt,gdelt,msn.com
2021-07-02,Nepal 7 best Clubhouse clubs you should join – OnlineKhabar English News,https://english.onlinekhabar.com/nepal-best-clubhouse-clubs-you-should-join.html,gdelt,gdelt,english.onlinekhabar.com
2021-07-04,Nepse closes with mere Rs 5.053 billion daily turnover,https://thehimalayantimes.com/business/nepse-closes-with-mere-rs-5053-billion-daily-turnover,gdelt,gdelt,thehimalayantimes.com
2021-07-11,Give tools to both bulls and bears,https://www.msn.com/en-xl/asia/nepal/give-tools-to-both-bulls-and-bears/ar-AAM0AAB,gdelt,gdelt,msn.com
2021-07-11,Nepse sees improvement with 74 point gain on Sunday,https://thehimalayantimes.com/business/nepse-sees-improvement-with-74-point-gain-on-sunday,gdelt,gdelt,thehimalayantimes.com
2021-07-13,Nepse index gains double digits,https://thehimalayantimes.com/business/nepse-index-gains-double-digits,gdelt,gdelt,thehimalayantimes.com
2021-07-18,Nepse sees improvement with nearly 100 - point gain on Sunday,https://thehimalayantimes.com/business/nepse-sees-improvement-with-nearly-100-point-gain-on-sunday,gdelt,gdelt,thehimalayantimes.com
2021-07-18,Nepal share market records the highest point in the per - day rise – OnlineKhabar English News,https://english.onlinekhabar.com/nepals-share-market-records-the-highest-point-in-the-per-day-rise.html,gdelt,gdelt,english.onlinekhabar.com
2021-07-25,NEPSE reaches all time high,https://thehimalayantimes.com/business/nepse-reaches-all-time-high,gdelt,gdelt,thehimalayantimes.com
2021-08-02,"Nepal securities chairman , stock exchange CEO under investigation for insider trading",https://www.newindianexpress.com/world/2021/aug/02/nepals-securities-chairman-stock-exchange-ceo-under-investigation-for-insider-trading-2339067.html,gdelt,gdelt,newindianexpress.com
2021-08-03,"NEPSE hits 3111 points , posts new all - time high",https://thehimalayantimes.com/business/nepse-hits-3111-points-posts-new-all-time-high,gdelt,gdelt,thehimalayantimes.com
2021-08-15,From east to west : This is how Nepal share market is affecting family economy,https://english.onlinekhabar.com/nepal-share-market-2021-bull.html,gdelt,gdelt,english.onlinekhabar.com
2021-08-15,Nepse sets new record with Rs 21 billion daily turnover,https://thehimalayantimes.com/business/nepse-sets-new-record-with-rs-21-billion-daily-turnover,gdelt,gdelt,thehimalayantimes.com
2021-08-29,NEPSE decreases by 49.18 points,https://www.cityof7lakes.com/news/english-news/c7lnews/nepse-decreases-by-49-18-points/,gdelt,gdelt,cityof7lakes.com
2021-08-29,Nepse extends correction with another 50 - point drop,https://www.msn.com/en-xl/asia/nepal/nepse-extends-correction-with-another-50-point-drop/ar-AANSeF3,gdelt,gdelt,msn.com
2021-09-12,"NEPSE hits 2,947 with 71.43 points climb on Sunday",https://thehimalayantimes.com/business/nepse-hits-2947-with-7143-points-climb-on-sunday,gdelt,gdelt,thehimalayantimes.com
2021-09-15,NEPSE plunges 40 points ; mere daily turnover of Rs 5.358b recorded on Wednesday,https://thehimalayantimes.com/business/nepse-plunges-40-points-mere-daily-turnover-of-rs-5358b-recorded-on-wednesday,gdelt,gdelt,thehimalayantimes.com
2021-09-16,"NEPSE continues its fall , registers 76 point - drop on Thursday",https://thehimalayantimes.com/business/nepse-continues-its-fall-registers-76-point-drop-on-thursday,gdelt,gdelt,thehimalayantimes.com
2021-09-20,NEPSE plunges 114 points on the first trading day of the week,https://thehimalayantimes.com/business/nepse-plunges-114-points-on-the-first-trading-day-of-the-week,gdelt,gdelt,thehimalayantimes.com
2021-09-22,"NEPSE springs to life , gains 104 points on Wednesday",https://thehimalayantimes.com/business/nepse-springs-to-life-gains-104-points-on-wednesday,gdelt,gdelt,thehimalayantimes.com
2021-09-27,NewsNow : Nepal news | Breaking News & Search 24 / 7,https://www.newsnow.co.uk/h/World+News/Asia/Nepal,gdelt,gdelt,newsnow.co.uk
2021-09-27,NEPSE plunges 73 points on Monday,https://thehimalayantimes.com/business/nepse-plunges-73-points-on-monday,gdelt,gdelt,thehimalayantimes.com
2021-10-24,Nepse rises 27 points on Sunday,https://thehimalayantimes.com/business/nepse-rises-27-points-on-wednesday,gdelt,gdelt,thehimalayantimes.com
2021-10-25,Nepse rises 87 points on Monday ; daily turnover reaches Rs 2.773 billion,https://thehimalayantimes.com/business/nepse-rises-87-points-on-monday-daily-turnover-reaches-rs-2773-billion,gdelt,gdelt,thehimalayantimes.com
2021-10-26,Daily turnover continues to increase as Nepse gains 78 points on Tuesday,https://thehimalayantimes.com/business/daily-turnover-continues-to-increase-as-nepse-gains-78-points-on-tuesday,gdelt,gdelt,thehimalayantimes.com
2021-10-31,Nepse sees 55 points increase on Sunday ; daily turnover nears Rs 8 billion,https://thehimalayantimes.com/business/nepse-sees-55-points-increase-on-sunday-daily-turnover-nears-rs-8-billion,gdelt,gdelt,thehimalayantimes.com
2021-11-09,NEPSE falls 79 points on Tuesday,https://thehimalayantimes.com/business/nepse-falls-79-points-on-tuesday,gdelt,gdelt,thehimalayantimes.com
2021-11-11,NEPSE continues to fall with 59 points drop on Thursday,https://thehimalayantimes.com/business/nepse-continues-to-fall-with-59-points-drop-on-thursday,gdelt,gdelt,thehimalayantimes.com
2021-11-16,NEPSE climbs 69 points on Tuesday,https://thehimalayantimes.com/business/nepse-climbs-69-points-on-tuesday,gdelt,gdelt,thehimalayantimes.com
2021-11-19,What is not right about rights shares,https://www.msn.com/en-xl/asia/nepal/what-is-not-right-about-rights-shares/ar-AAQSCqR,gdelt,gdelt,msn.com
2021-11-28,NEPSE drops 80 points on Sunday,https://thehimalayantimes.com/business/nepse-drops-80-points-on-sunday,gdelt,gdelt,thehimalayantimes.com
2021-12-08,NEPSE drops 53 points on Wednesday ; daily turnover at 2.663b,https://thehimalayantimes.com/business/nepse-drops-53-points-on-wednesday-daily-turnover-at-2663b,gdelt,gdelt,thehimalayantimes.com
2021-12-12,NEPSE plunges 88 points on Sunday,https://thehimalayantimes.com/business/nepse-plunges-88-points-on-sunday,gdelt,gdelt,thehimalayantimes.com
2021-12-13,NEPSE continues to see red with 79 points drop on Monday,https://thehimalayantimes.com/business/nepse-continues-to-see-red-with-79-points-drop-on-monday,gdelt,gdelt,thehimalayantimes.com
2021-12-14,NEPSE hits positive circuit breaker at 6pc on Tuesday ; trading halted for the day,https://thehimalayantimes.com/business/nepse-hits-positive-circuit-breaker-at-6pc-on-tuesday-trading-halted-for-the-day,gdelt,gdelt,thehimalayantimes.com
2021-12-15,47th AGM of Soaltee Hotel concludes successfully,https://thehimalayantimes.com/business/47th-agm-of-soaltee-hotel-concludes-successfully,gdelt,gdelt,thehimalayantimes.com
2021-12-21,NEPSE gains 56 points on Tuesday ; daily turnover drops to Rs 2.383b,https://thehimalayantimes.com/business/nepse-gains-56-points-on-tuesday-daily-turnover-drops-to-rs-2383b,gdelt,gdelt,thehimalayantimes.com
2021-12-22,"NEPSE gains 92 points on Wednesday , daily turnover crosses Rs 4b",https://thehimalayantimes.com/business/nepse-gains-92-points-on-wednesday-daily-turnover-crosses-rs-4b,gdelt,gdelt,thehimalayantimes.com
2021-12-23,Nepal stock market and economic growth : Politician sayings and impact,https://thehimalayantimes.com/opinion/nepals-stock-market-and-economic-growthpoliticians-sayings-and-impact,gdelt,gdelt,thehimalayantimes.com
2021-12-26,NEPSE gains 71 points on Sunday ; daily turnover crosses Rs 5b,https://thehimalayantimes.com/business/nepse-gains-71-points-on-sunday-daily-turnover-crosses-rs-5b,gdelt,gdelt,thehimalayantimes.com
2021-12-27,NEPSE drops 69 points on Monday ; daily turnover over Rs 5.5b,https://thehimalayantimes.com/business/nepse-drops-69-points-on-monday-daily-turnover-over-rs-55b,gdelt,gdelt,thehimalayantimes.com
2022-01-02,IFIC Bank inks MoU to sell its stake in Nepalese bank,https://www.tbsnews.net/economy/corporates/ific-bank-inks-mou-sell-its-stake-nepalese-bank-352321,gdelt,gdelt,tbsnews.net
2022-01-02,IFIC Bank to sell entire stake in Nepal lender,https://www.thedailystar.net/business/economy/banks/news/ific-bank-sell-entire-stake-nepal-lender-2931131,gdelt,gdelt,thedailystar.net
2022-01-04,NEPSE rises 63 points on Tuesday ; daily turnover recorded at over Rs 4b,https://thehimalayantimes.com/business/nepse-rises-63-points-on-tuesday-daily-turnover-recorded-at-over-rs-4b,gdelt,gdelt,thehimalayantimes.com
2022-01-07,Five short - listed candidates called for interview to fill vacant NEPSE - CEO post,https://thehimalayantimes.com/business/five-short-listed-candidates-called-for-interview-to-fill-vacant-nepse-ceo-post,gdelt,gdelt,thehimalayantimes.com
2022-01-09,NEPSE surges 73 points on Sunday ; daily turnover soars to over Rs 7b,https://thehimalayantimes.com/business/nepse-surges-73-points-on-sunday-daily-turnover-soars-to-over-rs-7b,gdelt,gdelt,thehimalayantimes.com
2022-01-16,"NEPSE crosses 2,900 points with 2.41pc rise on Sunday",https://thehimalayantimes.com/business/nepse-crosses-2900-points-with-241pc-rise-on-sunday,gdelt,gdelt,thehimalayantimes.com
2022-01-24,NEPSE plunges 100 points on Monday ; daily turnover increases to over Rs 8b,https://thehimalayantimes.com/business/nepse-plunges-100-points-on-monday-daily-turnover-increases-to-over-rs-8b,gdelt,gdelt,thehimalayantimes.com
2022-01-30,NEPSE soars by triple digits ; daily turnover recorded over Rs 6b,https://thehimalayantimes.com/business/nepse-soars-by-double-digits-daily-turnover-recorded-over-rs-6b,gdelt,gdelt,thehimalayantimes.com
2022-02-01,Nepse gains double - digit points on buying spree triggered by progress toward local elections,https://www.msn.com/en-xl/asia/nepal/nepse-gains-double-digit-points-on-buying-spree-triggered-by-progress-toward-local-elections/ar-AATmzGw,gdelt,gdelt,msn.com
2022-03-02,NEPSE drops 63 points on Wednesday,https://thehimalayantimes.com/business/nepse-drops-63-points-on-wednesday,gdelt,gdelt,thehimalayantimes.com
2022-03-03,Create investor - friendly capital market : FinMin,https://thehimalayantimes.com/business/create-investor-friendly-capital-market-finmin,gdelt,gdelt,thehimalayantimes.com
2022-03-13,"NEPSE jumps 101 points on Sunday , bringing daily turnover to Rs 4.870b",https://thehimalayantimes.com/business/nepse-jumps-101-points-on-sunday-bringing-daily-turnover-to-rs-4870b,gdelt,gdelt,thehimalayantimes.com
2022-03-15,Nepse loses 17.15 points on Tuesday,https://www.msn.com/en-xl/asia/nepal/nepse-loses-1715-points-on-tuesday/ar-AAV4oHP,gdelt,gdelt,msn.com
2022-03-19,7 most popular meme pages of Nepal,https://english.onlinekhabar.com/popular-meme-pages-of-nepal.html,gdelt,gdelt,english.onlinekhabar.com
2022-04-06,Nepse loses 23.32 points on Wednesday,https://www.msn.com/en-xl/asia/nepal/nepse-loses-2332-points-on-wednesday/ar-AAVV7Jr,gdelt,gdelt,msn.com
2022-04-20,Nepal Rastra Bank autonomy restored,https://www.msn.com/en-xl/asia/nepal/nepal-rastra-banks-autonomy-restored/ar-AAWobxP,gdelt,gdelt,msn.com
2022-04-24,Nepse surges by 95.52 points on Sunday,https://theannapurnaexpress.com/news/nepse-surges-by-95-52-points-on-sunday-5562,gdelt,gdelt,theannapurnaexpress.com
2022-05-01,Nepse snaps out of losing streak,https://thehimalayantimes.com/nepal/nepse-snaps-out-of-losing-streak,gdelt,gdelt,thehimalayantimes.com
2022-05-03,Nepal economic crisis : Is Nepal the next Sri Lanka ?,https://www.orfonline.org/expert-speak/nepals-economic-crisis/,gdelt,gdelt,orfonline.org
2022-05-07,"Sebon asks Nepse to run stock market on Friday instead of Sunday , maintaining the five - day - a - week schedule",https://www.msn.com/en-xl/asia/nepal/sebon-asks-nepse-to-run-stock-market-on-friday-instead-of-sunday-maintaining-the-five-day-a-week-schedule/ar-AAX1gzQ,gdelt,gdelt,msn.com
2022-05-08,Nepse index plunges nearly 5pc,https://thehimalayantimes.com/business/nepse-index-plunges-nearly-5pc,gdelt,gdelt,thehimalayantimes.com
2022-05-14,Nepse gained 111.8 points and investors gained Rs 159 billion from stock transactions last week,https://www.msn.com/en-xl/asia/nepal/nepse-gained-1118-points-and-investors-gained-rs-159-billion-from-stock-transactions-last-week/ar-AAXgAdA,gdelt,gdelt,msn.com
2022-05-15,Nepse index surges nearly 5pc,https://thehimalayantimes.com/business/nepse-index-surges-nearly-5pc,gdelt,gdelt,thehimalayantimes.com
2022-06-02,Will old order give way in Nepal ?,https://www.msn.com/en-in/news/opinion/will-old-order-give-way-in-nepal/ar-AAXYJKe,gdelt,gdelt,msn.com
2022-07-04,Nepal plunges by 9.75 points on Monday,https://theannapurnaexpress.com/news/nepal-plunges-by-9-75-points-on-monday-6871,gdelt,gdelt,theannapurnaexpress.com
2022-07-21,"NEPSE rises by nearly 5 points , with a turnover of Rs 1.73 billion « Khabarhub",https://cityof7lakes.com/news/english-news/c7lnews/nepse-rises-by-nearly-5-points-with-a-turnover-of-rs-1-73-billion-khabarhub/,gdelt,gdelt,cityof7lakes.com
2022-07-29,Nepse surges by 12.92 points on Friday,https://theannapurnaexpress.com/news/nepse-surges-by-12-92-points-on-friday-7330,gdelt,gdelt,theannapurnaexpress.com
2022-08-04,Nepse plunges by 38.61 points on Thursday,https://theannapurnaexpress.com/news/nepse-plunges-by-38-61-points-on-thursday-7426,gdelt,gdelt,theannapurnaexpress.com
2022-08-07,War in Ukraine a growing risk for Nepal,https://theannapurnaexpress.com/news/war-in-ukraine-a-growing-risk-for-nepal-7169,gdelt,gdelt,theannapurnaexpress.com
2022-08-09,"NEPSE falls by 45 points to close at 2,060 on Tuesday , « Khabarhub",https://cityof7lakes.com/news/english-news/c7lnews/nepse-falls-by-45-points-to-close-at-2060-on-tuesday-khabarhub/,gdelt,gdelt,cityof7lakes.com
2022-08-14,NEPSE begins this trading week with double digit loss of 27.92 points « Khabarhub,https://cityof7lakes.com/news/english-news/c7lnews/nepse-begins-this-trading-week-with-double-digit-loss-of-27-92-points-khabarhub/,gdelt,gdelt,cityof7lakes.com
2022-08-23,"Edtech companies , with their focus on non - academic courses , are shining in Nepal . Will they define the future ?",https://english.onlinekhabar.com/edtech-companies-nepal-education.html,gdelt,gdelt,english.onlinekhabar.com
2022-12-18,"Nepse retreats below 1,900 - point threshold",https://thehimalayantimes.com/business/nepse-retreats-below-1900-point-threshold,gdelt,gdelt,thehimalayantimes.com
2022-12-25,Multiple factors weigh on Nepse,https://thehimalayantimes.com/business/multiple-factors-weigh-on-nepse,gdelt,gdelt,thehimalayantimes.com
2022-12-26,No foreign investment in agriculture : NPC study,https://thehimalayantimes.com/nepal/no-foreign-investment-in-agriculture-npc-study,gdelt,gdelt,thehimalayantimes.com
2022-12-26,NEPSE on bullish trend in wake of new government,https://thehimalayantimes.com/business/nepse-on-bullish-trend-in-wake-of-new-government,gdelt,gdelt,thehimalayantimes.com
2022-12-27,Nepse index surges,https://thehimalayantimes.com/business/nepse-index-surges,gdelt,gdelt,thehimalayantimes.com
2022-12-31,Share market bids farewell to volatile 2022 on a positive note,https://thehimalayantimes.com/business/share-market-bids-farewell-to-volatile-2022-on-a-positive-note,gdelt,gdelt,thehimalayantimes.com
2023-01-01,"Nepse index clocks solid gain to resurface above 2,000 - point threshold",https://thehimalayantimes.com/nepal/nepse-index-clocks-solid-gain-to-resurface-above-2000-point-threshold,gdelt,gdelt,thehimalayantimes.com
2023-02-05,Political uncertainty weighs on Nepse,https://thehimalayantimes.com/business/political-uncertainty-weighs-on-nepse,gdelt,gdelt,thehimalayantimes.com
2023-02-10,NRB scraps COVID - related provisions for BFIs,https://thehimalayantimes.com/business/nrb-scraps-covid-related-provisions-for-bfis,gdelt,gdelt,thehimalayantimes.com
2023-02-12,Nepse recovers last week loss,https://thehimalayantimes.com/business/nepse-recovers-last-weeks-loss,gdelt,gdelt,thehimalayantimes.com
2023-02-19,"Nepse plunges 5.14 per cent to retreat below 2,100 points",https://thehimalayantimes.com/business/nepse-plunges-514-per-cent-to-retreat-below-2100-points,gdelt,gdelt,thehimalayantimes.com
2023-02-26,"Nepse index drops 2.31pc to near 2,000 points",https://thehimalayantimes.com/business/nepse-index-drops-231pc-to-near-2000-points,gdelt,gdelt,thehimalayantimes.com
2023-02-26,"Nepse index drops 2.31pc to near 2,000 points",https://thehimalayantimes.com/nepal/nepse-index-drops-231pc-to-near-2000-points,gdelt,gdelt,thehimalayantimes.com
2023-03-05,"Nepse retreats below 2,000 - point threshold",https://thehimalayantimes.com/business/nepse-retreats-below-2000-point-threshold,gdelt,gdelt,thehimalayantimes.com
2023-03-12,"Nepse rebounds above 2,000 - point threshold",https://thehimalayantimes.com/business/nepse-rebounds-above-2000-point-threshold,gdelt,gdelt,thehimalayantimes.com
2023-03-13,Securing Nepal electric future,https://www.nepalitimes.com/opinion/comment/securing-nepal-s-electric-future,gdelt,gdelt,nepalitimes.com
2023-03-19,"Nepse retreats below 2,000 - point threshold again",https://thehimalayantimes.com/business/nepse-retreats-below-2000-point-threshold-again,gdelt,gdelt,thehimalayantimes.com
2023-03-26,Political uncertainty weighs on share market,https://thehimalayantimes.com/business/political-uncertainty-weighs-on-share-market,gdelt,gdelt,thehimalayantimes.com
2023-03-26,"Nepse landslides 26.85 points , falls below 1,900 points in the past three months",https://myrepublica.nagariknetwork.com/news/nepse-landslides-26-85-points-falls-below-1-900-points-in-the-past-three-months/,gdelt,gdelt,myrepublica.nagariknetwork.com
2023-03-27,Nepse adds up 17.70 points ; daily turnover records Rs 1.38 billion on Monday,https://myrepublica.nagariknetwork.com/news/nepse-adds-up-17-70-points-daily-turnover-records-rs-1-38-billion-on-monday/,gdelt,gdelt,myrepublica.nagariknetwork.com
2023-04-01,"Nepse plunged 6.59 points , while shares investors lost Rs 6 billion last week",https://myrepublica.nagariknetwork.com/news/nepse-plunged-6-59-points-while-shares-investors-lost-rs-6-billion-last-week/,gdelt,gdelt,myrepublica.nagariknetwork.com
2023-04-02,"Nepse dips 20 points and records below 1,900 points on Sunday",https://myrepublica.nagariknetwork.com/news/nepse-dips-20-points-and-records-below-1-900-points-on-sunday/,gdelt,gdelt,myrepublica.nagariknetwork.com
2023-04-03,"Nepse drops 16.67 points , while daily turnover falls below Rs 1 billion on Monday",https://myrepublica.nagariknetwork.com/news/nepse-drops-16-67-points-while-daily-turnover-falls-below-rs-1-billion-on-monday/,gdelt,gdelt,myrepublica.nagariknetwork.com
2023-04-09,"Nepse retreats below 1,900 - point threshold",https://thehimalayantimes.com/business/nepse-retreats-below-1900-point-threshold-22361,gdelt,gdelt,thehimalayantimes.com
2023-04-09,"Nepse nosedives 28.31 points on the first trading day of the week , daily turnover crosses Rs 1 billion",https://myrepublica.nagariknetwork.com/news/nepse-nosedives-28-31-points-on-the-first-trading-day-of-the-week-daily-turnover-crosses-rs-1-billion/,gdelt,gdelt,myrepublica.nagariknetwork.com
2023-04-10,"Nepse inches up 5.54 points , daily turnover drops below Rs 1 billion on Monday",https://myrepublica.nagariknetwork.com/news/nepse-inches-up-5-54-points-daily-turnover-drops-below-rs-1-billion-on-monday/,gdelt,gdelt,myrepublica.nagariknetwork.com
2023-04-11,"Nepse surges 27.31 points , but daily turnover still below Rs 1 billion on Tuesday",https://myrepublica.nagariknetwork.com/news/nepse-surges-27-31-points-but-daily-turnover-still-below-rs-1-billion-on-tuesday/,gdelt,gdelt,myrepublica.nagariknetwork.com
2023-04-12,"Nepse soars 92.22 points , daily turnover rises close to Rs 2 billion on Wednesday",https://myrepublica.nagariknetwork.com/news/nepse-soars-92-22-points-daily-turnover-rises-close-to-rs-2-billion-on-wednesday/,gdelt,gdelt,myrepublica.nagariknetwork.com
2023-04-15,"Nepse added up with 67.72 points , investors gained Rs 49 billion from shares transactions last week",https://myrepublica.nagariknetwork.com/news/nepse-added-up-with-67-72-points-investors-gained-rs-49-billion-from-shares-transactions-last-week/,gdelt,gdelt,myrepublica.nagariknetwork.com
2023-04-17,"Nepse loses 23.63 points , daily turnover below Rs 1 billion on Monday",https://myrepublica.nagariknetwork.com/news/nepse-loses-23-63-points-daily-turnover-below-rs-1-billion-on-monday/,gdelt,gdelt,myrepublica.nagariknetwork.com
2023-04-23,"Nepse falls 18.80 points to come below 1,900 marks , daily turnover posts mere Rs 828.53 million on Sunday",https://myrepublica.nagariknetwork.com/news/nepse-falls-18-80-points-to-come-below-1-900-marks-daily-turnover-posts-mere-rs-828-53-million-on-sunday/,gdelt,gdelt,myrepublica.nagariknetwork.com
2023-04-23,Three firms express interests to open new stock exchange market while four others look for a commodity exchange entity,https://myrepublica.nagariknetwork.com/news/three-firms-express-interests-to-open-new-stock-exchange-market-while-four-others-look-for-a-commodity-exchange-entity/,gdelt,gdelt,myrepublica.nagariknetwork.com
2023-04-26,"Nepse loses 13.68 points , daily turnover drops to Rs 847.02 million",https://myrepublica.nagariknetwork.com/news/nepse-loses-13-68-points-daily-turnover-drops-to-rs-847-02-million/,gdelt,gdelt,myrepublica.nagariknetwork.com
2023-04-30,"Nepse retreats below 1,900 points",https://thehimalayantimes.com/business/nepse-retreats-below-1900-points,gdelt,gdelt,thehimalayantimes.com
2023-05-06,"Nepse fell 20.02 points , while investors lost Rs 29 billion from shares transactions last week",https://myrepublica.nagariknetwork.com/news/nepse-fell-20-02-points-while-investors-lost-rs-29-billion-from-shares-transactions-last-week/,gdelt,gdelt,myrepublica.nagariknetwork.com
2023-05-07,Benchmark index sheds 1.06 per cent,https://thehimalayantimes.com/business/benchmark-index-sheds-106-per-cent,gdelt,gdelt,thehimalayantimes.com
2023-05-11,"Nepse slips 3.34 points , daily turnover falls to Rs 578.84 million on Thursday",https://myrepublica.nagariknetwork.com/news/nepse-slips-3-34-points-daily-turnover-falls-to-rs-578-84-million-on-thursday/,gdelt,gdelt,myrepublica.nagariknetwork.com
2023-05-14,Nepse index sheds 1.67 per cent,https://thehimalayantimes.com/business/nepse-index-sheds-167-per-cent,gdelt,gdelt,thehimalayantimes.com
2023-05-21,Nepse index gains 2.11pc,https://thehimalayantimes.com/business/nepse-index-gains-211pc,gdelt,gdelt,thehimalayantimes.com
2023-05-21,Nepse inches up 5.88 points as daily turnover jumps to Rs 1.60 billion on Sunday,https://myrepublica.nagariknetwork.com/news/nepse-inches-up-5-88-points-as-daily-turnover-jumps-to-rs-1-60-billion-on-sunday/,gdelt,gdelt,myrepublica.nagariknetwork.com
2023-05-23,"Nepse increases by a whopping 51.31 points , while daily turnover posts a three - month high Rs 2.20 billion",https://myrepublica.nagariknetwork.com/news/nepse-increases-by-a-whopping-51-31-points-while-daily-turnover-posts-a-three-month-high-rs-2-20-billion/,gdelt,gdelt,myrepublica.nagariknetwork.com
2023-05-28,"Nepse resurfaces above 1,900 - point threshold",https://thehimalayantimes.com/business/nepse-resurfaces-above-1900-point-threshold,gdelt,gdelt,thehimalayantimes.com
2023-05-29,Economic survey shows lingering effects of global recession in Nepal,https://kathmandupost.com/money/2023/05/28/how-nepal-performed-in-2022-23-here-is-the-economic-survey,gdelt,gdelt,kathmandupost.com
2023-06-01,National Stock Pitching Competition 2023 held,https://kathmandupost.com/money/2023/05/31/national-stock-pitching-competition-2023-held,gdelt,gdelt,kathmandupost.com
2023-06-01,"Nepse gains 16.54 points to close at 1,866.34 points , daily turnover declines to Rs 1.654 billion on Thursday",https://myrepublica.nagariknetwork.com/news/nepse-gains-16-54-points-to-close-at-1-866-34-points-daily-turnover-declines-to-rs-1-654-billion-on-thursday/,gdelt,gdelt,myrepublica.nagariknetwork.com
2023-06-03,"Nepse nosedived 92.78 points , while investors lost Rs 134 billion in shares transaction last week",https://myrepublica.nagariknetwork.com/news/nepse-nosedived-92-78-points-while-investors-lost-rs-134-billion-in-shares-transaction-last-week/,gdelt,gdelt,myrepublica.nagariknetwork.com
2023-06-04,Nepse index loses previous week gain,https://thehimalayantimes.com/business/nepse-index-loses-previous-weeks-gain,gdelt,gdelt,thehimalayantimes.com
2023-06-04,Nepse gains a notable 53.03 points after the govt backs off from its new rule of income tax for shares investors,https://myrepublica.nagariknetwork.com/news/nepse-gains-a-notable-53-03-points-after-the-govt-backs-off-from-its-new-rule-of-income-tax-for-shares-investors/,gdelt,gdelt,myrepublica.nagariknetwork.com
2023-06-05,"Nepse loses 17.38 points , while the daily turnover slightly increases Rs 1.973 billion on Monday",https://myrepublica.nagariknetwork.com/news/nepse-loses-17-38-points-while-the-daily-turnover-slightly-increases-rs-1-973-billion-on-monday/,gdelt,gdelt,myrepublica.nagariknetwork.com
2023-06-06,"Nepse gains 25.66 points , while daily turnover increases slightly to Rs 1.981 million",https://myrepublica.nagariknetwork.com/news/nepse-gains-25-66-points-while-daily-turnover-increases-slightly-to-rs-1-981-million/,gdelt,gdelt,myrepublica.nagariknetwork.com
2023-06-07,Nepse inches up 4.68 points ; daily turnover posts Rs 2.36 billion on Wednesday,https://myrepublica.nagariknetwork.com/news/nepse-inches-up-4-68-points-daily-turnover-posts-rs-2-36-billion-on-wednesday/,gdelt,gdelt,myrepublica.nagariknetwork.com
2023-06-11,"Nepse jumps 40.48 points up , daily turnover records four - month high at Rs 3.454 billion on Sunday",https://myrepublica.nagariknetwork.com/news/nepse-jumps-40-48-points-up-daily-turnover-records-four-month-high-at-rs-3-454-billion-on-sunday/,gdelt,gdelt,myrepublica.nagariknetwork.com
2023-06-12,Budget fails to accept realities of economy : Former Finance Minister Paudel,https://myrepublica.nagariknetwork.com/news/budget-fails-to-accept-realities-of-economy-former-finance-minister-paudel/,gdelt,gdelt,myrepublica.nagariknetwork.com
2023-06-12,"Nepse inches up 7.79 points , daily turnover slides down to Rs 2.886 billion on Monday",https://myrepublica.nagariknetwork.com/news/nepse-inches-up-7-79-points-daily-turnover-slides-down-to-rs-2-886-billion-on-monday/,gdelt,gdelt,myrepublica.nagariknetwork.com
2023-06-13,"NEPSE index closes at a 3 - month high , crosses 2,020 points mark",https://kathmandupost.com/money/2023/06/13/nepse-index-closes-at-a-3-month-high-crosses-2-020-points-mark,gdelt,gdelt,kathmandupost.com
2023-06-18,Nepse index rebounds to over three - month high,https://thehimalayantimes.com/business/nepse-index-rebounds-to-over-three-month-high,gdelt,gdelt,thehimalayantimes.com
2023-06-18,Nepse jumps up 52.26 points ; daily turnover inclines to Rs 4.86 billion on Sunday,https://myrepublica.nagariknetwork.com/news/nepse-jumps-up-52-26-points-daily-turnover-inclines-to-rs-4-86-billion-on-sunday/,gdelt,gdelt,myrepublica.nagariknetwork.com
2023-06-20,"Sebon suspends Ghorahi Cement IPOs issuance process citing fake subscription - myRepublica - The New York Times Partner , Latest news of Nepal in English , Latest News Articles",https://myrepublica.nagariknetwork.com/news/sebon-suspends-ghorahi-cement-s-ipos-issuance-process-citing-fake-subscription/,gdelt,gdelt,myrepublica.nagariknetwork.com
2023-06-20,Nepse plunges 26.56 points ; daily turnover declines to Rs 4.11 billion on Tuesday,https://myrepublica.nagariknetwork.com/news/nepse-plunges-26-56-points-daily-turnover-declines-to-rs-4-11-billion-on-tuesday/,gdelt,gdelt,myrepublica.nagariknetwork.com
2023-06-21,Resume process for broker licence : House panel,https://thehimalayantimes.com/business/resume-process-for-broker-licence-house-panel,gdelt,gdelt,thehimalayantimes.com
2023-06-21,Nepse sheds 14.05 points ; daily turnover declines to Rs 3.496 billion on Wednesday,https://myrepublica.nagariknetwork.com/news/nepse-sheds-14-05-points-daily-turnover-declines-to-rs-3-496-billion-on-wednesday/,gdelt,gdelt,myrepublica.nagariknetwork.com
2023-06-24,Nepse inched 13.46 points up ; investors earned Rs 24 billion from shares transaction last week,https://myrepublica.nagariknetwork.com/news/nepse-inched-13-46-points-up-investors-earned-rs-24-billion-from-shares-transaction-last-week/,gdelt,gdelt,myrepublica.nagariknetwork.com
2023-06-25,Nepse surges by a notable 62.21 points while daily turnover also hits near Rs 6.5 billion on Sunday,https://myrepublica.nagariknetwork.com/news/nepse-surges-by-a-notable-62-21-points-while-daily-turnover-also-hits-near-rs-6-5-billion-on-sunday/,gdelt,gdelt,myrepublica.nagariknetwork.com
2023-06-26,"Nepse gains 11.69 points , daily turnover declines to Rs 5.312 billion on Monday",https://myrepublica.nagariknetwork.com/news/nepse-gains-11-69-points-daily-turnover-declines-to-rs-5-312-billion-on-monday/,gdelt,gdelt,myrepublica.nagariknetwork.com
2023-06-26,NEPSE wraps up today trading session with double digit growth ; microfinance sector leads ; eight sectors in positive territory,https://thehimalayantimes.com/business/nepse-wraps-up-todays-trading-session-with-double-digit-growth-microfinance-sector-leads-eight-sectors-in-positive-territory,gdelt,gdelt,thehimalayantimes.com
2023-06-28,Debt capital markets show potential to support Nepal financing needs,https://thehimalayantimes.com/business/debt-capital-markets-show-potential-to-support-nepals-financing-needs,gdelt,gdelt,thehimalayantimes.com
2023-07-01,Collection of capital gains tax on shares transactions doubled to Rs 260 million last month,https://myrepublica.nagariknetwork.com/news/collection-of-capital-gains-tax-on-shares-transactions-doubled-to-rs-260-million-last-month/,gdelt,gdelt,myrepublica.nagariknetwork.com
2023-07-01,"Nepse added 95.46 points , while investors gained Rs 140 billion from the share market last week",https://myrepublica.nagariknetwork.com/news/nepse-added-95-46-points-while-investors-gained-rs-140-billion-from-the-share-market-last-week/,gdelt,gdelt,myrepublica.nagariknetwork.com
2023-07-02,"Benchmark index resurfaces above 2,100 - point threshold",https://thehimalayantimes.com/business/benchmark-index-resurfaces-above-2100-point-threshold,gdelt,gdelt,thehimalayantimes.com
2023-07-02,NEPSE index decreases by 2.50 %: Market downturn attributed to fiscal year - end pressure and profit booking,https://thehimalayantimes.com/business/nepse-index-decreases-by-250-market-downturn-attributed-to-fiscal-year-end-pressure-and-profit-booking,gdelt,gdelt,thehimalayantimes.com
2023-07-04,"Nepse adds 12.73 points , daily turnover plunges one - third to Rs 2.576 billion",https://myrepublica.nagariknetwork.com/news/nepse-adds-12-73-points-daily-turnover-plunges-one-third-to-rs-2-576-billion/,gdelt,gdelt,myrepublica.nagariknetwork.com
2023-07-08,Nepse plunged 101.61 points while investors lost Rs 142 billion from share market last week,https://myrepublica.nagariknetwork.com/news/nepse-plunged-101-61-points-while-investors-lost-rs-142-billion-from-share-market-last-week/,gdelt,gdelt,myrepublica.nagariknetwork.com
2023-07-12,"Nepse gains 25.31 points , daily turnover amount increases to Rs 3.187 billion on Wednesday",https://myrepublica.nagariknetwork.com/news/nepse-gains-25-31-points-daily-turnover-amount-increases-to-rs-3-187-billion-on-wednesday/,gdelt,gdelt,myrepublica.nagariknetwork.com
2023-07-13,"Nepse plunges 12.62 points , daily turnover rises to Rs 3.39 billion on Thursday",https://myrepublica.nagariknetwork.com/news/nepse-plunges-12-62-points-daily-turnover-rises-to-rs-3-39-billion-on-thursday/,gdelt,gdelt,myrepublica.nagariknetwork.com
2023-07-15,Nepse added 35.55 points while investors gained Rs 56 billion from shares transaction last week,https://myrepublica.nagariknetwork.com/news/nepse-added-35-55-points-while-investors-gained-rs-56-billion-from-shares-transaction-last-week/,gdelt,gdelt,myrepublica.nagariknetwork.com
2023-07-16,Nepse gains 12.16 points while daily turnover slides to Rs 2.376 billion on Sunday,https://myrepublica.nagariknetwork.com/news/nepse-gains-12-16-points-while-daily-turnover-slides-to-rs-2-376-billion-on-sunday/,gdelt,gdelt,myrepublica.nagariknetwork.com
2023-07-23,Nepse index advances by 3.79 per cent,https://thehimalayantimes.com/business/nepse-index-advances-by-379-per-cent,gdelt,gdelt,thehimalayantimes.com
2023-07-23,"Nepse welcomes NRB monetary policy for 2023 / 24 with a gain of 63.24 points on Sunday - myRepublica - The New York Times Partner , Latest news of Nepal in English , Latest News Articles",https://myrepublica.nagariknetwork.com/news/nepse-welcomes-nrb-s-monetary-policy-for-2023-24-with-a-gain-of-63-24-points-on-sunday/,gdelt,gdelt,myrepublica.nagariknetwork.com
2023-07-24,Nepse dips 26.66 points ; daily turnover rises to Rs 4.737 billion on Monday,https://myrepublica.nagariknetwork.com/news/nepse-dips-26-66-points-daily-turnover-rises-to-rs-4-737-billion-on-monday/,gdelt,gdelt,myrepublica.nagariknetwork.com
2023-07-27,"Nepse plunges 29.71 points , daily turnover slides marginally to Rs 2.425 billion on Thursday",https://myrepublica.nagariknetwork.com/news/nepse-plunges-29-71-points-daily-turnover-slides-marginally-to-rs-2-425-billion-on-thursday/,gdelt,gdelt,myrepublica.nagariknetwork.com
2023-07-28,"Who is Rakesh Kumar Adukia , who appeared on the radar of gold smuggling ?",https://myrepublica.nagariknetwork.com/news/who-is-rakesh-kumar-adukia-who-appeared-on-the-radar-of-gold-smuggling/,gdelt,gdelt,myrepublica.nagariknetwork.com
2023-07-29,Nepse fell 37.44 points while investors lost Rs 55 billion from stock exchange last week,https://myrepublica.nagariknetwork.com/news/nepse-fell-37-44-points-while-investors-lost-rs-55-billion-from-stock-exchange-last-week/,gdelt,gdelt,myrepublica.nagariknetwork.com
2023-07-31,"Sebon to endorse legal provisions to permit NRN investment in secondary market - myRepublica - The New York Times Partner , Latest news of Nepal in English , Latest News Articles",https://myrepublica.nagariknetwork.com/news/sebon-to-endorse-legal-provisions-to-permit-nrns-investment-in-secondary-market/,gdelt,gdelt,myrepublica.nagariknetwork.com
2023-07-31,NEPSE records 0.27 % gain in trading session,https://thehimalayantimes.com/business/nepse-records-027-gain-in-trading-session,gdelt,gdelt,thehimalayantimes.com
2023-08-06,Nepal Republic Media sets historic first day shares trading with a gain of 9.98 percent in its market value,https://myrepublica.nagariknetwork.com/news/nepal-republic-media-sets-historic-first-day-shares-trading-with-a-gain-of-9-98-percent-in-its-market-value/,gdelt,gdelt,myrepublica.nagariknetwork.com
2023-08-06,"NEPSE Index closes lower , New stocks lead gainers",https://thehimalayantimes.com/business/nepse-index-closes-lower-new-stocks-lead-gainers,gdelt,gdelt,thehimalayantimes.com
2023-08-07,"Nepse falls 3.21 points , daily turnover decreases to Rs 2.333 billion on Monday",https://myrepublica.nagariknetwork.com/news/nepse-falls-3-21-points-daily-turnover-decreases-to-rs-2-333-billion-on-monday/,gdelt,gdelt,myrepublica.nagariknetwork.com
2023-08-10,"Nepse inches up 5.13 points , daily turnover rises to Rs 2.156 billion on Thursday",https://myrepublica.nagariknetwork.com/news/nepse-inches-up-5-13-points-daily-turnover-rises-to-rs-2-156-billion-on-thursday/,gdelt,gdelt,myrepublica.nagariknetwork.com
2023-08-21,RBB Securities Company secures license for limited acting securities brokerage,https://myrepublica.nagariknetwork.com/news/rbb-securities-company-secures-license-for-limited-acting-securities-brokerage/,gdelt,gdelt,myrepublica.nagariknetwork.com
2023-08-23,"Nepse gains 29.47 points , daily turnover stands at Rs 1.51 billion on Wednesday",https://myrepublica.nagariknetwork.com/news/nepse-gains-29-47-points-daily-turnover-stands-at-rs-1-51-billion-on-wednesday/,gdelt,gdelt,myrepublica.nagariknetwork.com
2023-08-25,Luxury hotels bask in record profits due to events boom,https://kathmandupost.com/money/2023/08/24/luxury-hotels-bask-in-record-profits-due-to-events-boom,gdelt,gdelt,kathmandupost.com
2023-08-27,Nepse index sheds 0.94pc,https://thehimalayantimes.com/business/nepse-index-sheds-094pc,gdelt,gdelt,thehimalayantimes.com
2023-08-27,UTHL 15th Annual General Meeting : Flying High | New Spotlight Magazine,https://www.spotlightnepal.com/2023/08/27/uthls-15th-annual-general-meeting-flying-high/,gdelt,gdelt,spotlightnepal.com
2023-08-27,"Nepse nosedives 20.54 points , daily turnover falls to Rs 1.262 billion on Sunday",https://myrepublica.nagariknetwork.com/news/nepse-nosedives-20-54-points-daily-turnover-falls-to-rs-1-262-billion-on-sunday/,gdelt,gdelt,myrepublica.nagariknetwork.com
2023-08-28,Strengthening Integrity of Stock Market,https://myrepublica.nagariknetwork.com/news/strengthening-integrity-of-stock-market/,gdelt,gdelt,myrepublica.nagariknetwork.com
2023-08-29,"Nepse slides down 5.05 points , daily turnover falls to Rs 865.12 million on Tuesday",https://myrepublica.nagariknetwork.com/news/nepse-slides-down-5-05-points-daily-turnover-falls-to-rs-865-12-million-on-tuesday/,gdelt,gdelt,myrepublica.nagariknetwork.com
2023-09-02,"Nepse plunged 23.34 points , while investors lost Rs 35 billion from shares transaction last week",https://myrepublica.nagariknetwork.com/news/nepse-plunged-23-34-points-while-investors-lost-rs-35-billion-from-shares-transaction-last-week/,gdelt,gdelt,myrepublica.nagariknetwork.com
2023-09-05,Daily turnover plunges to mere Rs 796.87 million while Nepse slides 6.45 points down,https://myrepublica.nagariknetwork.com/news/daily-turnover-plunges-to-mere-rs-796-87-million-while-nepse-slides-6-45-points-down/,gdelt,gdelt,myrepublica.nagariknetwork.com
2023-09-07,"Sebon mulling to welcome NRN investment in stock exchange market soon - myRepublica - The New York Times Partner , Latest news of Nepal in English , Latest News Articles",https://myrepublica.nagariknetwork.com/news/sebon-in-a-mood-to-welcome-nrns-investment-in-stock-exchange-market-soon/,gdelt,gdelt,myrepublica.nagariknetwork.com
2023-09-07,"Nepse falls 28.92 points , daily turnover inclines to Rs 1.15 billion on Thursday",https://myrepublica.nagariknetwork.com/news/nepse-falls-28-92-points-daily-turnover-inclines-to-rs-1-15-billion-on-thursday/,gdelt,gdelt,myrepublica.nagariknetwork.com
2023-09-13,"Nepse hits three months high to cross 2,000 points , daily turnover increases to Rs 1.495 billion on Wednesday",https://myrepublica.nagariknetwork.com/news/nepse-hits-three-months-high-to-cross-2-000-points-daily-turnover-increases-to-rs-1-495-billion-on-wednesday/,gdelt,gdelt,myrepublica.nagariknetwork.com
2023-09-23,"Nepse jumped 22.72 points , while investors gained Rs 55 billion from stock trading last week",https://myrepublica.nagariknetwork.com/news/nepse-jumped-22-72-points-while-investors-gained-rs-55-billion-from-stock-trading-last-week/,gdelt,gdelt,myrepublica.nagariknetwork.com
2023-09-24,"NEPSE loses 19.42 points to reach 2,010 on Sunday",https://thehimalayantimes.com/business/nepse-loses-1942-points-to-reach-2010-on-sunday,gdelt,gdelt,thehimalayantimes.com
2023-09-24,"Nepse drops 19.42 points , while daily turnover falls to Rs 2.326 billion on Sunday",https://myrepublica.nagariknetwork.com/news/nepse-drops-19-42-points-while-daily-turnover-falls-to-rs-2-326-billion-on-sunday/,gdelt,gdelt,myrepublica.nagariknetwork.com
2023-09-26,NEPSE gains 18 points on Tuesday,https://thehimalayantimes.com/business/nepse-gains-18-points-on-tuesday,gdelt,gdelt,thehimalayantimes.com
2023-09-28,Nepse drops 18.60 points ; daily turnover declines to Rs 1.814 billion,https://myrepublica.nagariknetwork.com/news/nepse-drops-18-60-points-daily-turnover-declines-to-rs-1-814-billion/,gdelt,gdelt,myrepublica.nagariknetwork.com
2023-10-01,NRB issuing development bonds worth Rs 13.10 billion today,https://myrepublica.nagariknetwork.com/news/nrb-issuing-development-bonds-worth-rs-13-10-billion-today/,gdelt,gdelt,myrepublica.nagariknetwork.com
2023-10-01,NEPSE drops 33 points on Sunday ; Daily turnover at just Rs 1.830 Billion,https://thehimalayantimes.com/business/nepse-drops-33-points-on-sunday-daily-turnover-at-just-rs-1830-billion,gdelt,gdelt,thehimalayantimes.com
2023-10-01,NRB to issue development bond worth Rs13.10 billion,https://thehimalayantimes.com/business/nrb-to-issue-development-bond-worth-rs1310-billion,gdelt,gdelt,thehimalayantimes.com
2023-10-02,NRB autonomy in question,https://kathmandupost.com/columns/2023/10/01/nepal-rastra-bank-s-autonomy-challenged,gdelt,gdelt,kathmandupost.com
2023-10-02,NEPSE gains 5 points on Monday ; daily turnover drops to Rs 1.737b,https://thehimalayantimes.com/business/nepse-gains-5-points-on-monday-daily-turnover-drops-to-rs-1737b,gdelt,gdelt,thehimalayantimes.com
2023-10-02,"FinMin sees need for making share market competitive , healthy",https://myrepublica.nagariknetwork.com/news/finmin-sees-need-for-making-share-market-competitive-healthy/,gdelt,gdelt,myrepublica.nagariknetwork.com
2023-10-03,Nepse drops 17.56 points ; daily turnover falls to Rs 1.199 billion,https://myrepublica.nagariknetwork.com/news/nepse-drops-17-56-points-daily-turnover-falls-to-rs-1-199-billion/,gdelt,gdelt,myrepublica.nagariknetwork.com
2023-10-05,Nepse slides down 11.04 points ; daily turnover falls to Rs 1.106 billion,https://myrepublica.nagariknetwork.com/news/nepse-slides-down-11-04-points-daily-turnover-falls-to-rs-1-106-billion/,gdelt,gdelt,myrepublica.nagariknetwork.com
2023-10-08,NEPSE plunges 35 points on Sunday ; daily turnover improves to Rs 1.801b,https://thehimalayantimes.com/business/nepse-plunges-35-points-on-sunday-daily-turnover-improves-to-rs-1801b,gdelt,gdelt,thehimalayantimes.com
2023-10-08,Nepse dips 35.67 points ; daily turnover increases to Rs 1.801 billion on Sunday,https://myrepublica.nagariknetwork.com/news/nepse-dips-35-67-points-daily-turnover-increases-to-rs-1-801-billion-on-sunday/,gdelt,gdelt,myrepublica.nagariknetwork.com
2023-10-12,NEPSE drops 20 points after modest 5 - point gain on Wednesday following three consecutive losses this week,https://thehimalayantimes.com/business/nepse-drops-20-points-on-thursday-after-modest-5-point-gain-on-wednesday-following-three-consecutive-losses-this-week,gdelt,gdelt,thehimalayantimes.com
2023-10-14,"Nepse fell 82.32 points , while investor loss amount escalated to Rs 111 billion last week - myRepublica - The New York Times Partner , Latest news of Nepal in English , Latest News Articles",https://myrepublica.nagariknetwork.com/news/nepse-fell-82-32-points-while-investors-loss-amount-escalated-to-rs-111-billion-last-week/,gdelt,gdelt,myrepublica.nagariknetwork.com
2023-10-15,"Nepse index retreats below 1,900 - point mark",https://thehimalayantimes.com/business/nepse-index-retreats-below-1900-point-mark,gdelt,gdelt,thehimalayantimes.com
2023-10-29,"Nepse plunges 28.18 points , while daily turnover falls to mere Rs 742.92 million on Sunday",https://myrepublica.nagariknetwork.com/news/nepse-plunges-28-18-points-while-daily-turnover-falls-to-mere-rs-742-92-million-on-sunday/,gdelt,gdelt,myrepublica.nagariknetwork.com
2023-11-02,"Nepse plunges 10.86 points , while daily turnover increases marginally to Rs 964.47 million on Thursday",https://myrepublica.nagariknetwork.com/news/nepse-plunges-10-86-points-while-daily-turnover-increases-marginally-to-rs-964-47-million-on-thursday/,gdelt,gdelt,myrepublica.nagariknetwork.com
2023-11-06,"Nepse gains 21.30 points , daily turnover declines to 938.92 million",https://myrepublica.nagariknetwork.com/news/nepse-gains-21-30-points-daily-turnover-declines-to-938-92-million/,gdelt,gdelt,myrepublica.nagariknetwork.com
2023-11-16,Nepse listed new stocks worth Rs 35.77 billion during mid - July and mid - October,https://myrepublica.nagariknetwork.com/news/nepse-listed-new-stocks-worth-rs-35-77-billion-during-mid-july-and-mid-october/,gdelt,gdelt,myrepublica.nagariknetwork.com
2023-11-20,NEPSE gains 1.39 on Monday with just Over 1B daily turnover ; sensitive index declines,https://thehimalayantimes.com/business/nepse-gains-139-on-monday-with-just-over-1b-daily-turnover-sensitive-index-declines,gdelt,gdelt,thehimalayantimes.com
2023-11-23,Sarbottam Cement issues its IPOs at book building prices,https://myrepublica.nagariknetwork.com/news/sarbottam-cement-issues-its-ipos-at-book-building-prices/,gdelt,gdelt,myrepublica.nagariknetwork.com
2023-11-23,Govt honors big taxpayers,https://myrepublica.nagariknetwork.com/news/govt-honors-big-taxpayers/,gdelt,gdelt,myrepublica.nagariknetwork.com
2023-11-23,"Nepse adds 9.87 points , daily turnover rises to Rs 1.348 billion",https://myrepublica.nagariknetwork.com/news/nepse-adds-9-87-points-daily-turnover-rises-to-rs-1-348-billion/,gdelt,gdelt,myrepublica.nagariknetwork.com
2023-11-25,Finance Minister recognizes corporate contributions at National Tax Day,https://www.bignewsnetwork.com/news/274045003/finance-minister-recognizes-corporate-contributions-at-national-tax-day,gdelt,gdelt,bignewsnetwork.com
2023-11-25,Investing in nation future : Top taxpayers honored by Nepal government,https://www.southeastasiapost.com/news/274045003/investing-in-nation-future-top-taxpayers-honored-by-nepal-government,gdelt,gdelt,southeastasiapost.com
2023-11-25,Investing in nation future : Top taxpayers honored by Nepal government,https://www.malaysiasun.com/news/274045003/investing-in-nation-future-top-taxpayers-honored-by-nepal-government,gdelt,gdelt,malaysiasun.com
2023-11-25,Nepal honors top taxpayers at grand finale of Tax Week,https://www.bruneinews.net/news/274045003/nepal-honors-top-taxpayers-at-grand-finale-of-tax-week,gdelt,gdelt,bruneinews.net
2023-11-25,Investing in nation future : Top taxpayers honored by Nepal government,https://www.nepalnational.com/news/274045003/investing-in-nation-future-top-taxpayers-honored-by-nepal-government,gdelt,gdelt,nepalnational.com
2023-11-25,Nepse added 8.12 points ; investors gained Rs 15 billion from share transaction last week,https://myrepublica.nagariknetwork.com/news/nepse-added-8-12-points-investors-gained-rs-15-billion-from-share-transaction-last-week/,gdelt,gdelt,myrepublica.nagariknetwork.com
2023-11-25,Investing in nation future : Top taxpayers honored by Nepal government,https://www.pakistantelegraph.com/news/274045003/investing-in-nation-future-top-taxpayers-honored-by-nepal-government,gdelt,gdelt,pakistantelegraph.com
2023-11-26,Nepse adds 47.75 points while daily turnover surges to over Rs 2 billion on Sunday,https://myrepublica.nagariknetwork.com/news/nepse-adds-47-75-points-while-daily-turnover-surges-to-over-rs-2-billion-on-sunday/,gdelt,gdelt,myrepublica.nagariknetwork.com
2023-11-29,"NEPSE drops 19 points on Wednesday amid technical glitches , trading extended till 3 : 24pm",https://thehimalayantimes.com/business/nepse-drops-19-points-on-wednesday-amid-technical-glitches-trading-extended-till-324pm,gdelt,gdelt,thehimalayantimes.com
2023-11-29,Nepse shrinks 17.93 points while daily turnover declines to Rs 1.014 billion,https://myrepublica.nagariknetwork.com/news/nepse-shrinks-17-93-points-while-daily-turnover-declines-to-rs-1-014-billion/,gdelt,gdelt,myrepublica.nagariknetwork.com
2023-11-30,"Nepse plunges 18.06 points , daily turnover rises to Rs 1.323 billion",https://myrepublica.nagariknetwork.com/news/nepse-plunges-18-06-points-daily-turnover-rises-to-rs-1-323-billion/,gdelt,gdelt,myrepublica.nagariknetwork.com
2023-12-03,NEPSE drops 7 points on Sunday ; Daily turnover fall below Rs 1 billion,https://thehimalayantimes.com/business/nepse-drops-7-points-on-sunday-daily-turnover-fall-below-rs-1-billion,gdelt,gdelt,thehimalayantimes.com
2023-12-04,"Nepse slips down 7.29 points , daily turnover falls below Rs 1 billion",https://myrepublica.nagariknetwork.com/news/nepse-slips-down-7-29-points-daily-turnover-falls-below-rs-1-billion/,gdelt,gdelt,myrepublica.nagariknetwork.com
2023-12-09,"Nepse shed 5.76 points , while investors lost Rs 9 billion from shares trading last week",https://myrepublica.nagariknetwork.com/news/nepse-shed-5-76-points-while-investors-lost-rs-9-billion-from-shares-trading-last-week/,gdelt,gdelt,myrepublica.nagariknetwork.com
2023-12-10,Stocks moribund for far too long . Price curbs are to blame,https://www.thedailystar.net/business/news/stocks-moribund-far-too-long-price-curbs-are-blame-3490141,gdelt,gdelt,thedailystar.net
2023-12-12,"NEPSE bounces back with a 36 - point gain , overcoming Monday 15 - Point dip",https://thehimalayantimes.com/business/nepse-bounces-back-with-a-36-point-gain-overcoming-mondays-15-point-dip,gdelt,gdelt,thehimalayantimes.com
2023-12-12,Nepse posts a gain of 36.86 points ; daily turnover slides to Rs 4.309 billion,https://myrepublica.nagariknetwork.com/news/nepse-posts-a-gain-of-36-86-points-daily-turnover-slides-to-rs-4-309-billion/,gdelt,gdelt,myrepublica.nagariknetwork.com
2023-12-13,NEPSE inches up 2.60 points ; daily turnover declines to Rs 3.909 billion,https://myrepublica.nagariknetwork.com/news/nepse-inches-up-2-60-points-daily-turnover-declines-to-rs-3-909-billion/,gdelt,gdelt,myrepublica.nagariknetwork.com
2023-12-14,FinMin Mahat delighted by surge in secondary market and realty business despite poor economic indicators,https://myrepublica.nagariknetwork.com/news/finmin-mahat-delighted-by-surge-in-secondary-market-and-realty-business-despite-poor-economic-indicators/,gdelt,gdelt,myrepublica.nagariknetwork.com
2023-12-14,NEPSE adds 6.55 points ; daily turnover slides down to Rs 3.151 billion,https://myrepublica.nagariknetwork.com/news/nepse-adds-6-55-points-daily-turnover-slides-down-to-rs-3-151-billion/,gdelt,gdelt,myrepublica.nagariknetwork.com
2023-12-17,NEPSE gains double digits on Sunday with daily turnover exceeding Rs 5 Billion,https://thehimalayantimes.com/business/nepsegains-double-digits-on-sunday-with-daily-turnover-exceeding-rs-5-billion,gdelt,gdelt,thehimalayantimes.com
2023-12-17,"NEPSE adds 27.75 points to cross 2,000 points ceiling ; daily turnover jumps to Rs 5.157 billion",https://myrepublica.nagariknetwork.com/news/nepse-adds-27-75-points-to-cross-2-000-points-ceiling-daily-turnover-jumps-to-rs-5-157-billion/,gdelt,gdelt,myrepublica.nagariknetwork.com
2023-12-23,NEPSE surged 114.50 points ; investors gained Rs 190 billion from shares transactions last week,https://myrepublica.nagariknetwork.com/news/nepse-surged-114-50-points-investors-gained-rs-190-billion-from-shares-transactions-last-week/,gdelt,gdelt,myrepublica.nagariknetwork.com
2023-12-24,NEPSE records a 21 - point drop on Sunday ; Daily turnover surges past Rs 7 Billion,https://thehimalayantimes.com/business/nepse-records-a-21-point-drop-on-sunday-daily-turnover-surges-past-rs-7-billion,gdelt,gdelt,thehimalayantimes.com
2023-12-24,NEPSE falls 21.03 points ; daily turnover rises to Rs 7.111 billion,https://myrepublica.nagariknetwork.com/news/nepse-falls-21-03-points-daily-turnover-rises-to-rs-7-111-billion/,gdelt,gdelt,myrepublica.nagariknetwork.com
2023-12-27,"NEPSE sees 17.23 points drop on Wednesday , daily turnover dips to Rs 5.248 billion",https://thehimalayantimes.com/business/nepse-sees-1723-points-drop-on-wednesday-daily-turnover-dips-to-rs-5248-billion,gdelt,gdelt,thehimalayantimes.com
2023-12-28,NEPSE declines single point as daily turnover hovers around Rs 4 billion,https://thehimalayantimes.com/business/nepse-declines-single-point-as-daily-turnover-hovers-around-rs-4-billion,gdelt,gdelt,thehimalayantimes.com
2023-12-30,NEPSE slid 40.2 points ; shares investors lost Rs 52 billion last week,https://myrepublica.nagariknetwork.com/news/nepse-slid-40-2-points-shares-investors-lost-rs-52-billion-last-week/,gdelt,gdelt,myrepublica.nagariknetwork.com
2023-12-31,Over 167.86 million units of new stocks listed in secondary market last month,https://myrepublica.nagariknetwork.com/news/over-167-86-million-units-of-new-stocks-listed-in-secondary-market-last-month/,gdelt,gdelt,myrepublica.nagariknetwork.com
2024-01-02,NEPSE plunges 30 points on Tuesday as daily turnover drops to Rs 4billion,https://thehimalayantimes.com/business/nepse-plunges-30-points-on-tuesday-as-daily-turnover-drops-to-rs-4billion,gdelt,gdelt,thehimalayantimes.com
2024-01-04,"NEPSE drops 8.71 points , daily turnover surges past Rs 5.5 billion",https://thehimalayantimes.com/business/nepse-drops-871-points-daily-turnover-surges-past-rs-55-billion,gdelt,gdelt,thehimalayantimes.com
2024-01-04,"NEPSE slides down 8.71 points , daily turnover rises to Rs 5.581 billion",https://myrepublica.nagariknetwork.com/news/nepse-slides-down-8-71-points-daily-turnover-rises-to-rs-5-581-billion/,gdelt,gdelt,myrepublica.nagariknetwork.com
2024-01-06,NEPSE declined 19.62 points ; investors lost Rs 30 billion from shares transaction last week,https://myrepublica.nagariknetwork.com/news/nepse-declined-19-62-points-investors-lost-rs-30-billion-from-shares-transaction-last-week/,gdelt,gdelt,myrepublica.nagariknetwork.com
2024-01-07,NEPSE nosedives 26.36 points ; daily turnover slightly declines to Rs 5.241 billion,https://myrepublica.nagariknetwork.com/news/nepse-nosedives-26-36-points-daily-turnover-slightly-declines-to-rs-5-241-billion/,gdelt,gdelt,myrepublica.nagariknetwork.com
2024-01-08,"NEPSE rebounds with a 36 - point gain on Monday , daily turnover slips to Rs 4.6 Billion",https://thehimalayantimes.com/business/nepse-rebounds-with-a-36-point-gain-on-monday-daily-turnover-slips-to-rs-46-billion,gdelt,gdelt,thehimalayantimes.com
2024-01-08,NEPSE gains 36.57 points ; daily turnover declines to Rs 4.675 billion,https://myrepublica.nagariknetwork.com/news/nepse-gains-36-57-points-daily-turnover-declines-to-rs-4-675-billion/,gdelt,gdelt,myrepublica.nagariknetwork.com
2024-01-09,NIA allows insurance companies to buy up to 15 percent shares of public companies,https://myrepublica.nagariknetwork.com/news/nia-allows-insurance-companies-to-buy-up-to-15-percent-shares-of-public-companies/,gdelt,gdelt,myrepublica.nagariknetwork.com
2024-01-14,NEPSE closes Q2 of current FY with a gain of 31.62 points ; daily turnover increases to Rs 5.45 billion,https://myrepublica.nagariknetwork.com/news/nepse-closes-q2-of-current-fy-with-a-gain-of-31-62-points-daily-turnover-increases-to-rs-5-45-billion/,gdelt,gdelt,myrepublica.nagariknetwork.com
2024-01-17,"Daily turnover at secondary market soars to Rs 9.76 billion , NEPSE index slides 12.10 points",https://myrepublica.nagariknetwork.com/news/daily-turnover-at-secondary-market-soars-to-rs-9-76-billion-nepse-index-slides-12-10-points/,gdelt,gdelt,myrepublica.nagariknetwork.com
2024-01-18,Daily turnover dips to Rs 8 billion amidst 7 point drop in NEPSE,https://thehimalayantimes.com/business/daily-turnover-dips-to-rs-8-billion-amidst-7-point-drop-in-nepse,gdelt,gdelt,thehimalayantimes.com
2024-01-20,"Investors gained Rs 105 billion from share trading , while the NEPSE surged 66.83 points last week - myRepublica - The New York Times Partner , Latest news of Nepal in English , Latest News Articles",https://myrepublica.nagariknetwork.com/news/investors-gained-rs-105-billion-from-shares-trading-while-the-nepse-surged-66-83-points-last-week/,gdelt,gdelt,myrepublica.nagariknetwork.com
2024-01-21,NEPSE falls 25.63 points ; daily turnover declines to Rs 7.677 billion,https://myrepublica.nagariknetwork.com/news/nepse-falls-25-63-points-daily-turnover-declines-to-rs-7-677-billion/,gdelt,gdelt,myrepublica.nagariknetwork.com
2024-01-22,"NEPSE falls below 2,099 as Hydropower sector loses investor favor",https://thehimalayantimes.com/business/nepse-falls-below-2098-as-hydropower-sector-loses-investor-favor,gdelt,gdelt,thehimalayantimes.com
2024-01-25,Govt forms committee to study the necessity of second stock exchange entity,https://myrepublica.nagariknetwork.com/news/govt-forms-committee-to-study-the-necessity-of-second-stock-exchange-entity/,gdelt,gdelt,myrepublica.nagariknetwork.com
2024-01-27,Unleashing Nepal Digital Future,https://myrepublica.nagariknetwork.com/news/unleashing-nepal-s-digital-future/,gdelt,gdelt,myrepublica.nagariknetwork.com
2024-01-31,NEPSE plunges 21.67 points ; daily turnover marginally declines to Rs 5.29 billion,https://myrepublica.nagariknetwork.com/news/nepse-plunges-21-67-points-daily-turnover-marginally-declines-to-rs-5-29-billion/,gdelt,gdelt,myrepublica.nagariknetwork.com
2024-02-01,NEPSE continues decline with 30 - point drop on Thursday ; Market turbulence persists,https://thehimalayantimes.com/business/nepse-continues-decline-with-30-point-drop-on-thursday-market-turbulence-persists,gdelt,gdelt,thehimalayantimes.com
2024-02-06,NEPSE inches up 9.44 points ; daily turnover marginally increases to Rs 2.59 billion,https://myrepublica.nagariknetwork.com/news/nepse-inches-up-9-44-points-daily-turnover-marginally-increases-to-rs-2-59-billion/,gdelt,gdelt,myrepublica.nagariknetwork.com
2024-02-12,"NEPSE surges past 2,100 as manufacturing and processing sector shines ; Daily turnover sees dip",https://thehimalayantimes.com/business/nepse-surges-past-2100-as-manufacturing-and-processing-sector-shines-daily-turnover-sees-dip,gdelt,gdelt,thehimalayantimes.com
2024-02-15,NEPSE loses 14.46 points ; daily turnover falls to Rs 3.86 billion,https://myrepublica.nagariknetwork.com/news/nepse-loses-14-46-points-daily-turnover-falls-to-rs-3-86-billion/,gdelt,gdelt,myrepublica.nagariknetwork.com
2024-02-17,Hospitality sector eyes strong growth as tourists return,https://kathmandupost.com/money/2024/02/17/hospitality-sector-eyes-strong-growth-as-tourists-return,gdelt,gdelt,kathmandupost.com
2024-02-17,"NEPSE declined 34.29 points , while investors lost Rs 54 billion from shares transactions last week",https://myrepublica.nagariknetwork.com/news/nepse-declined-34-29-points-while-investors-lost-rs-54-billion-from-shares-transactions-last-week/,gdelt,gdelt,myrepublica.nagariknetwork.com
2024-02-17,"34 companies waiting for SEBON approval to issue their primary shares of more than Rs 27.52 billion - myRepublica - The New York Times Partner , Latest news of Nepal in English , Latest News Articles",https://myrepublica.nagariknetwork.com/news/34-companies-waiting-for-sebon-s-approval-to-issue-their-primary-shares-of-more-than-rs-27-52-billion/,gdelt,gdelt,myrepublica.nagariknetwork.com
2024-02-19,NEPSE plunges 27.21 points ; daily turnover declines to Rs 3.77 billion,https://myrepublica.nagariknetwork.com/news/nepse-plunges-27-21-points-daily-turnover-declines-to-rs-3-77-billion-1/,gdelt,gdelt,myrepublica.nagariknetwork.com
2024-02-22,NEPSE plunges 20.76 points ; daily turnover rises to Rs 3.206 billion,https://myrepublica.nagariknetwork.com/news/nepse-plunges-20-76-points-daily-turnover-rises-to-rs-3-206-billion/,gdelt,gdelt,myrepublica.nagariknetwork.com
2024-02-24,NEPSE plunged 56.20 points while investors lost Rs 88 billion from stocks trading last week,https://myrepublica.nagariknetwork.com/news/nepse-plunged-56-20-points-while-investors-lost-rs-88-billion-from-stocks-trading-last-week/,gdelt,gdelt,myrepublica.nagariknetwork.com
2024-02-24,An additional over 101 million units of new stocks listed in the secondary market last month,https://myrepublica.nagariknetwork.com/news/an-additional-over-101-million-units-of-new-stocks-listed-in-the-secondary-market-last-month/,gdelt,gdelt,myrepublica.nagariknetwork.com
2024-02-25,"NEPSE opens week with dip below 2,000 points with 1.33 % Sunday drop",https://thehimalayantimes.com/business/nepse-opens-week-with-dip-below-2000-points-with-133-sunday-drop,gdelt,gdelt,thehimalayantimes.com
2024-02-25,"NEPSE plunges below 2,000 points , daily turnover decreases to Rs 3.086 billion",https://myrepublica.nagariknetwork.com/news/nepse-plunges-below-2-000-points-daily-turnover-decreases-to-rs-3-086-billion/,gdelt,gdelt,myrepublica.nagariknetwork.com
2024-02-26,NEPSE gains 13.28 points ; daily turnover falls to Rs 2.017 billion,https://myrepublica.nagariknetwork.com/news/nepse-gains-13-28-points-daily-turnover-falls-to-rs-2-017-billion/,gdelt,gdelt,myrepublica.nagariknetwork.com
2024-02-27,"NEPSE surges past 2,000 points , yet daily turnover plunges to Rs 1.8b",https://thehimalayantimes.com/business/nepse-surges-past-2000-points-yet-daily-turnover-plunges-to-rs-18b,gdelt,gdelt,thehimalayantimes.com
2024-02-28,"NEPSE hovers around 2,000 points with substantial surge in trading , manufacturing sector",https://thehimalayantimes.com/business/nepse-hovers-around-2000-points-with-substantial-surge-in-trading-manufacturing-sector,gdelt,gdelt,thehimalayantimes.com
2024-02-29,NEPSE nosedives 28.68 points ; daily turnover rises to Rs 2.598 billion,https://myrepublica.nagariknetwork.com/news/nepse-nosedives-28-68-points-daily-turnover-rises-to-rs-2-598-billion/,gdelt,gdelt,myrepublica.nagariknetwork.com
2024-03-04,NEPSE halts trading after three consecutive circuit breaks,https://thehimalayantimes.com/business/nepse-halts-trading-after-three-consecutive-circuit-breaks,gdelt,gdelt,thehimalayantimes.com
2024-03-04,"230 companies gain in their share prices in Monday boost in secondary market - myRepublica - The New York Times Partner , Latest news of Nepal in English , Latest News Articles",https://myrepublica.nagariknetwork.com/news/230-companies-gain-in-their-share-prices-in-monday-s-boost-in-secondary-market/,gdelt,gdelt,myrepublica.nagariknetwork.com
2024-03-05,NEPSE nosedives 70.31 points ; daily turnover rises to Rs 4.11 billion,https://myrepublica.nagariknetwork.com/news/nepse-nosedives-70-31-points-daily-turnover-rises-to-rs-4-11-billion/,gdelt,gdelt,myrepublica.nagariknetwork.com
2024-03-07,NEPSE surges 13.51 points ; daily turnover falls to Rs 3.19 billion,https://myrepublica.nagariknetwork.com/news/nepse-surges-13-51-points-daily-turnover-falls-to-rs-3-19-billion/,gdelt,gdelt,myrepublica.nagariknetwork.com
2024-03-09,NEPSE escalated 58.46 points while investors gained Rs 92 billion from stocks trading last week,https://myrepublica.nagariknetwork.com/news/nepse-escalated-58-46-points-while-investors-gained-rs-92-billion-from-stocks-trading-last-week/,gdelt,gdelt,myrepublica.nagariknetwork.com
2024-03-10,Nepal Rastra Bank Is To Issue Development Bonds Worth Rs . 8 Billion,https://www.spotlightnepal.com/2024/03/10/nepal-rastra-bank-issue-development-bonds-worth-rs-8-billion/,gdelt,gdelt,spotlightnepal.com
2024-03-14,NEPSE nosedives 27.84 points ; daily turnover declines to Rs 3.94 billion,https://myrepublica.nagariknetwork.com/news/nepse-nosedives-27-84-points-daily-turnover-declines-to-rs-3-94-billion/,gdelt,gdelt,myrepublica.nagariknetwork.com
2024-03-16,NEPSE gained 50.32 points while investors gained Rs 79 billion from stocks trading last week,https://myrepublica.nagariknetwork.com/news/nepse-gained-50-32-points-while-investors-gained-rs-79-billion-from-stocks-trading-last-week/,gdelt,gdelt,myrepublica.nagariknetwork.com
2024-03-17,NEPSE begins week with decline ; SAPDBL soars 10 %,https://thehimalayantimes.com/business/nepse-begins-week-with-decline-sapdbl-soars-10,gdelt,gdelt,thehimalayantimes.com
2024-03-17,NEPSE loses 10.62 points ; daily turnover declines to Rs 3.38 billion,https://myrepublica.nagariknetwork.com/news/nepse-loses-10-62-points-daily-turnover-declines-to-rs-3-38-billion/,gdelt,gdelt,myrepublica.nagariknetwork.com
2024-03-20,"NEPSE sees slight dip , Microfinance sector surges 2.51 % amid market decline",https://thehimalayantimes.com/business/nepse-sees-slight-dip-microfinance-sector-surges-251-amid-market-decline,gdelt,gdelt,thehimalayantimes.com
2024-03-25,NEPSE dips 17 points ; Microfinance sector takes hardest hit,https://thehimalayantimes.com/business/nepse-dip-17-points-microfinance-sector-takes-hardest-hit,gdelt,gdelt,thehimalayantimes.com
2024-03-25,NEPSE loses 17.01 points ; daily turnover falls to Rs 2.48 billion,https://myrepublica.nagariknetwork.com/news/nepse-loses-17-01-points-daily-turnover-falls-to-rs-2-48-billion/,gdelt,gdelt,myrepublica.nagariknetwork.com
2024-03-27,"NEPSE dips 10 points , daily turnover at just Rs 2.2 billion",https://thehimalayantimes.com/business/nepse-dips-10-points-daily-turnover-at-just-rs-22-billion,gdelt,gdelt,thehimalayantimes.com
2024-03-27,NEPSE sheds 10.83 points ; daily turnover falls to Rs 2.23 billion,https://myrepublica.nagariknetwork.com/news/nepse-sheds-10-83-points-daily-turnover-falls-to-rs-2-23-billion/,gdelt,gdelt,myrepublica.nagariknetwork.com
2024-03-31,NEPSE faces decline on first trading day ; Manufacturing sector plummets by 3.65 %,https://thehimalayantimes.com/business/nepse-faces-decline-on-first-trading-day-manufacturing-sector-plummets-by-365,gdelt,gdelt,thehimalayantimes.com
2024-03-31,NEPSE starts week with 17.30 points fall ; daily turnover inclines to Rs 3.20 billion,https://myrepublica.nagariknetwork.com/news/nepse-starts-week-with-17-30-points-fall-daily-turnover-inclines-to-rs-3-20-billion/,gdelt,gdelt,myrepublica.nagariknetwork.com
2024-04-02,"NEPSE falls marginally by 1.85 points , daily turnover declines to Rs 2.29 billion",https://myrepublica.nagariknetwork.com/news/nepse-falls-marginally-by-1-85-points-daily-turnover-declines-to-rs-2-29-billion/,gdelt,gdelt,myrepublica.nagariknetwork.com
2024-04-03,NEPSE falls marginally by 3.43 points ; daily turnover crawls up to Rs 2.53 billion,https://myrepublica.nagariknetwork.com/news/nepse-falls-marginally-by-3-43-points-daily-turnover-crawls-up-to-rs-2-53-billion/,gdelt,gdelt,myrepublica.nagariknetwork.com
2024-04-04,NEPSE continues decline ; Microfinance records 2.38 % gain,https://thehimalayantimes.com/business/nepse-continues-decline-microfinance-records-238-gain,gdelt,gdelt,thehimalayantimes.com
2024-04-04,N - REO launches multi - listing system targeting agents to manage real estate transactions,https://myrepublica.nagariknetwork.com/news/n-reo-launches-multi-listing-system-targeting-agents-to-manage-real-estate-transactions/,gdelt,gdelt,myrepublica.nagariknetwork.com
2024-04-06,NEPSE declined 31.59 points ; investors lost Rs 5 billion from shares transactions last week,https://myrepublica.nagariknetwork.com/news/nepse-declined-31-59-points-investors-lost-rs-5-billion-from-shares-transactions-last-week/,gdelt,gdelt,myrepublica.nagariknetwork.com
2024-04-07,Viability of the infrastructure bank,https://kathmandupost.com/columns/2024/04/06/viability-of-the-infrastructure-bank,gdelt,gdelt,kathmandupost.com
2024-04-10,"NEPSE records 10 point decline , Finance sector leading losses",https://thehimalayantimes.com/business/nepse-records-10-point-decline-finance-sector-leading-losses,gdelt,gdelt,thehimalayantimes.com
2024-04-10,"NEPSE sheds 10.71 points , daily turnover declines to Rs 3.48 billion",https://myrepublica.nagariknetwork.com/news/nepse-sheds-10-71-points-daily-turnover-declines-to-rs-3-48-billion/,gdelt,gdelt,myrepublica.nagariknetwork.com
2024-04-13,"NEPSE gained 21.25 points , while investors earned Rs 35 billion from shares trading last week",https://myrepublica.nagariknetwork.com/news/nepse-gained-21-25-points-while-investors-earned-rs-35-billion-from-shares-trading-last-week/,gdelt,gdelt,myrepublica.nagariknetwork.com
2024-04-14,"NEPSE sees slight decline , microfinance sector leads gains",https://thehimalayantimes.com/business/nepse-sees-slight-decline-microfinance-sector-leads-gains,gdelt,gdelt,thehimalayantimes.com
2024-04-16,"NEPSE plunges below 2,000 points after one and a half months ; daily turnover declines to Rs 2.10 billion",https://myrepublica.nagariknetwork.com/news/nepse-plunges-below-2-000-points-after-one-and-a-half-months-daily-turnover-declines-to-rs-2-10-billion/,gdelt,gdelt,myrepublica.nagariknetwork.com
2024-04-18,"NEPSE sees 19 points decline , daily turnover at just Rs 2 billion",https://thehimalayantimes.com/business/nepse-sees-19-points-decline-daily-turnover-at-just-rs-2-billion,gdelt,gdelt,thehimalayantimes.com
2024-04-18,NEPSE nosedives 19.56 points ; daily turnover falls to Rs 2.09 billion,https://myrepublica.nagariknetwork.com/news/nepse-nosedives-19-56-points-daily-turnover-falls-to-rs-2-09-billion/,gdelt,gdelt,myrepublica.nagariknetwork.com
2024-04-19,Decoding NEPSE surprise moves,https://kathmandupost.com/columns/2024/04/18/decoding-nepse-s-surprise-moves,gdelt,gdelt,kathmandupost.com
2024-04-20,"NEPSE lost 53.16 points , while investors lost Rs 85 billion from shares trading last week",https://myrepublica.nagariknetwork.com/news/nepse-lost-53-16-points-while-investors-lost-rs-85-billion-from-shares-trading-last-week/,gdelt,gdelt,myrepublica.nagariknetwork.com
2024-04-22,"NEPSE declines by 15.41 points , daily turnover falls to Rs 2.05 billion",https://myrepublica.nagariknetwork.com/news/nepse-declines-by-15-41-points-daily-turnover-falls-to-rs-2-05-billion/,gdelt,gdelt,myrepublica.nagariknetwork.com
2024-04-28,"NEPSE gains 14.33 points , while daily turnover inclines to Rs 2.68 billion",https://myrepublica.nagariknetwork.com/news/nepse-gains-14-33-points-while-daily-turnover-inclines-to-rs-2-68-billion/,gdelt,gdelt,myrepublica.nagariknetwork.com
2024-05-02,"NEPSE slips below 2,000 mark , Microfinance sector shines",https://thehimalayantimes.com/business/nepse-slips-below-2000-mark-microfinance-sector-shines,gdelt,gdelt,thehimalayantimes.com
2024-05-04,"NEPSE added 33.03 points , while investors gained Rs 52 billion from shares trading last week",https://myrepublica.nagariknetwork.com/news/nepse-added-33-03-points-while-investors-gained-rs-52-billion-from-shares-trading-last-week/,gdelt,gdelt,myrepublica.nagariknetwork.com
2024-05-05,"NEPSE plunges 24.58 points , daily turnover falls to Rs 3.79 billion",https://myrepublica.nagariknetwork.com/news/nepse-plunges-24-58-points-daily-turnover-falls-to-rs-3-79-billion/,gdelt,gdelt,myrepublica.nagariknetwork.com
2024-05-11,"NEPSE lost 33.73 points , while investors lost Rs 52 billion from shares trading last week",https://myrepublica.nagariknetwork.com/news/nepse-lost-33-73-points-while-investors-lost-rs-52-billion-from-shares-trading-last-week/,gdelt,gdelt,myrepublica.nagariknetwork.com
2024-05-13,NEPSE surges by 1.23 % on Monday ; banking sector gains 3.21 %,https://thehimalayantimes.com/business/nepse-surges-by-123-on-monday-banking-sector-gains-321,gdelt,gdelt,thehimalayantimes.com
2024-05-14,"NEPSE soars above 2,000 points as all sectors witness gains",https://thehimalayantimes.com/business/nepse-soars-above-2000-points-as-all-sectors-witness-gains,gdelt,gdelt,thehimalayantimes.com
2024-05-14,"NEPSE surges 28.62 points , daily turnover rises to Rs 4.08 billion",https://myrepublica.nagariknetwork.com/news/nepse-surges-28-62-points-daily-turnover-rises-to-rs-4-08-billion/,gdelt,gdelt,myrepublica.nagariknetwork.com
2024-05-20,"NEPSE surges 27.54 points , daily turnover rises to Rs 5.85 billion",https://myrepublica.nagariknetwork.com/news/nepse-surges-27-54-points-daily-turnover-rises-to-rs-5-85-billion/,gdelt,gdelt,myrepublica.nagariknetwork.com
2024-05-21,"NEPSE surges 23.94 points , daily turnover falls to Rs 5.20 billion",https://myrepublica.nagariknetwork.com/news/nepse-surges-23-94-points-daily-turnover-falls-to-rs-5-20-billion/,gdelt,gdelt,myrepublica.nagariknetwork.com
2024-05-26,"NEPSE nosedives 22.14 points , while daily turnover declines to Rs 4.44 billion",https://myrepublica.nagariknetwork.com/news/nepse-nosedives-22-14-points-while-daily-turnover-declines-to-rs-4-44-billion/,gdelt,gdelt,myrepublica.nagariknetwork.com
2024-05-27,Government claims economic indicators improving amid political chaos,https://kathmandupost.com/money/2024/05/27/government-claims-economic-indicators-improving-amid-political-chaos,gdelt,gdelt,kathmandupost.com
2024-06-01,"NEPSE lost 61.96 points , while share investors lost Rs 98 billion last week",https://myrepublica.nagariknetwork.com/news/nepse-lost-61-96-points-while-share-investors-lost-rs-98-billion-last-week/,gdelt,gdelt,myrepublica.nagariknetwork.com
2024-07-11,NEPSE surges 29.21 points ; daily turnover jumps to Rs 7.08 billion,https://myrepublica.nagariknetwork.com/news/nepse-surges-29-21-points-daily-turnover-jumps-to-rs-7-08-billion/,gdelt,gdelt,myrepublica.nagariknetwork.com
2024-07-12,"NEPSE gains 29.21 points to cross 2,200 threshold",https://thehimalayantimes.com/business/nepse-gains-2921-points-to-cross-2200-threshold,gdelt,gdelt,thehimalayantimes.com
2024-07-13,NEPSE index surged 84.91 points ; investors had capital gains of Rs 134 billion last week,https://myrepublica.nagariknetwork.com/news/nepse-index-surged-84-91-points-investors-had-capital-gains-of-rs-134-billion-last-week/,gdelt,gdelt,myrepublica.nagariknetwork.com
2024-07-16,"NEPSE reaches 26 - month high at 2,310.59 points ; daily turnover soars to Rs 9.13 billion",https://myrepublica.nagariknetwork.com/news/nepse-reaches-26-month-high-at-2-310-59-points-daily-turnover-soars-to-rs-9-13-billion/,gdelt,gdelt,myrepublica.nagariknetwork.com
2024-07-16,NEPSE index crawls despite the share mortgage loans jumping to double in five years,https://myrepublica.nagariknetwork.com/news/nepse-index-crawls-despite-the-share-mortgage-loans-jumping-to-double-in-five-years/,gdelt,gdelt,myrepublica.nagariknetwork.com
2024-07-20,NEPSE index gained a whopping 219.71 points ; investors had capital gains of Rs 35 billion last week,https://myrepublica.nagariknetwork.com/news/nepse-index-gained-a-whopping-219-71-points-investors-had-capital-gains-of-rs-35-billion-last-week/,gdelt,gdelt,myrepublica.nagariknetwork.com
2024-07-21,NEPSE jumps 61.61 points ; daily turnover falls slightly to Rs 15.23 billion,https://myrepublica.nagariknetwork.com/news/nepse-jumps-61-61-points-daily-turnover-falls-slightly-to-rs-15-23-billion/,gdelt,gdelt,myrepublica.nagariknetwork.com
2024-07-23,NEPSE jumps 75.33 points ; daily turnover increases to Rs 14.11 billion,https://myrepublica.nagariknetwork.com/news/nepse-jumps-75-33-points-daily-turnover-increases-to-rs-14-11-billion/,gdelt,gdelt,myrepublica.nagariknetwork.com
2024-07-24,NEPSE sheds 27.32 points ; daily turnover rises to Rs 16.20 billion,https://myrepublica.nagariknetwork.com/news/nepse-sheds-27-32-points-daily-turnover-rises-to-rs-16-20-billion/,gdelt,gdelt,myrepublica.nagariknetwork.com
2024-07-26,NEPSE rebounds by 32 points ; Microfinance sector leads with 6.83 %,https://thehimalayantimes.com/business/nepse-rebounds-by-32-points-microfinance-sector-leads-with-683,gdelt,gdelt,thehimalayantimes.com
2024-07-26,"NEPSE surges by 3.02 %, daily turnover crosses Rs 14 billion",https://thehimalayantimes.com/business/nepse-surges-by-302-daily-turnover-crosses-rs-14-billion,gdelt,gdelt,thehimalayantimes.com
2024-07-28,NEPSE experiences second circuit break following 5 % surge,https://thehimalayantimes.com/business/nepse-experiences-second-circuit-break-following-5-surge,gdelt,gdelt,thehimalayantimes.com
2024-07-28,NEPSE surges 113 points with two circuit breaks ; Banking sector gains 9.89 %,https://thehimalayantimes.com/business/nepse-surges-441-with-two-circuit-breaks-banking-sector-gains-989,gdelt,gdelt,thehimalayantimes.com
2024-07-28,NEPSE stabilizes after two circuit breaks,https://thehimalayantimes.com/business/nepse-stabilizes-after-two-circuit-breaks,gdelt,gdelt,thehimalayantimes.com
2024-07-30,Monetary policy orchestration,https://kathmandupost.com/columns/2024/07/29/monetary-policy-orchestration,gdelt,gdelt,kathmandupost.com
2024-07-30,"NEPSE gains 35 points , closes at 2,696 on Tuesday",https://thehimalayantimes.com/business/nepse-gains-35-points-closes-at-269665-on-tuesday,gdelt,gdelt,thehimalayantimes.com
2024-07-31,"NEPSE surges past 2,700 with 64 points gain ; Daily turnover crosses Rs 21 billion",https://thehimalayantimes.com/business/nepse-surges-past-2700-with-64-points-gain-daily-turnover-crosses-rs-21-billion,gdelt,gdelt,thehimalayantimes.com
2024-08-05,Monetary policy blunder,https://kathmandupost.com/columns/2024/08/04/monetary-policy-blunder,gdelt,gdelt,kathmandupost.com
2024-08-08,NEPSE inches up 6.70 points ; daily turnover increases to Rs 20.07 billion,https://myrepublica.nagariknetwork.com/news/nepse-inches-up-6-70-points-daily-turnover-increases-to-rs-20-07-billion/,gdelt,gdelt,myrepublica.nagariknetwork.com
2024-08-12,NEPSE soars 70.81 points ; daily turnover hits new record at Rs 27.24 billion,https://myrepublica.nagariknetwork.com/news/nepse-soars-70-81-points-daily-turnover-hits-new-record-at-rs-27-24-billion/,gdelt,gdelt,myrepublica.nagariknetwork.com
2024-08-14,NEPAL MONETARY POLICY 2024 : Bullish In The Stock Market | New Spotlight Magazine,https://www.spotlightnepal.com/2024/08/14/nepal-monetary-policy-2024-bullish-stock-market/,gdelt,gdelt,spotlightnepal.com
2024-08-14,Privatization in Nepal revisited - A Political and Business weekly,https://www.peoplesreview.com.np/2024/08/14/privatization-in-nepal-revisited/,gdelt,gdelt,peoplesreview.com.np
2024-08-14,NEPSE surges 34.29 points ; daily turnover increases to 23.43 billion,https://myrepublica.nagariknetwork.com/news/nepse-surges-34-29-points-daily-turnover-increases-to-23-43-billion/,gdelt,gdelt,myrepublica.nagariknetwork.com
2024-08-15,CIAA raids NEPSE office on suspect of its employees being involved in insider trading of shares,https://myrepublica.nagariknetwork.com/news/ciaa-raids-nepse-office-on-suspect-of-its-employees-being-involved-in-insider-trading-of-shares/,gdelt,gdelt,myrepublica.nagariknetwork.com
2024-08-17,"NEPSE escalated 234.43 points to cross 3,000 points ; investors gained Rs 374 billion from share trading last week",https://myrepublica.nagariknetwork.com/news/nepse-escalated-234-43-points-to-cross-3-000-points-investors-gained-rs-374-billion-from-share-trading-last-week/,gdelt,gdelt,myrepublica.nagariknetwork.com
2024-08-18,NEPSE plunges by 34.47 points ; daily turnover decreases marginally to Rs 28.83 billion,https://myrepublica.nagariknetwork.com/news/nepse-plunges-by-34-47-points-daily-turnover-decreases-marginally-to-rs-28-83-billion/,gdelt,gdelt,myrepublica.nagariknetwork.com
2024-08-23,Govt proposes cash fine of up to Rs 30 million and jail term of three years for individuals found guilty of insider trading,https://myrepublica.nagariknetwork.com/news/govt-proposes-cash-fine-of-up-to-rs-30-million-and-jail-term-of-three-years-for-individuals-found-guilty-of-insider-trading/,gdelt,gdelt,myrepublica.nagariknetwork.com
2024-08-25,"Govt collected CGT of Rs 4.23 billion in first month this FY , more than the amount collected in the entire period of last FY",https://myrepublica.nagariknetwork.com/news/govt-collected-cgt-of-rs-4-23-billion-in-first-month-this-fy-more-than-the-amount-collected-in-the-entire-period-of-last-fy/,gdelt,gdelt,myrepublica.nagariknetwork.com
2024-08-25,NEPSE sees landslide fall of 79.88 points ; daily turnover increases to Rs 19.74 billion,https://myrepublica.nagariknetwork.com/news/nepse-sees-landslide-fall-of-79-88-points-daily-turnover-increases-to-rs-19-74-billion/,gdelt,gdelt,myrepublica.nagariknetwork.com
2024-08-27,NEPSE declines with landslide 111.96 points ; daily turnover decreases to Rs 18.64 billion,https://myrepublica.nagariknetwork.com/news/nepse-declines-with-landslide-111-96-points-daily-turnover-decreases-to-rs-18-64-billion/,gdelt,gdelt,myrepublica.nagariknetwork.com
2024-08-29,NEPSE plunges 36.83 points ; daily turnover declines to Rs 12.24 billion,https://myrepublica.nagariknetwork.com/news/nepse-plunges-36-83-points-daily-turnover-declines-to-rs-12-24-billion/,gdelt,gdelt,myrepublica.nagariknetwork.com
2024-08-30,"IronOne ATrad launches in Nepal Stock Exchange , marking global growth milestone",https://www.ft.lk/business/IronOne-ATrad-launches-in-Nepal-Stock-Exchange-marking-global-growth-milestone/34-766166,gdelt,gdelt,ft.lk
2024-08-31,NEPSE plunged 224.89 points as investors lost Rs 358 billion from share trading last week,https://myrepublica.nagariknetwork.com/news/nepse-plunged-224-89-points-while-investors-lost-rs-358-billion-from-share-trading-last-week/,gdelt,gdelt,myrepublica.nagariknetwork.com
2024-09-01,NEPSE plunges 53.63 points ; daily turnover declines to Rs 10.51 billion,https://myrepublica.nagariknetwork.com/news/nepse-plunges-53-63-points-daily-turnover-declines-to-rs-10-51-billion/,gdelt,gdelt,myrepublica.nagariknetwork.com
2024-10-02,NEPSE plunges 26.07 points ; daily turnover declines to Rs 6.77 billion,https://myrepublica.nagariknetwork.com/news/nepse-plunges-26-07-points-daily-turnover-declines-to-rs-6-77-billion/,gdelt,gdelt,myrepublica.nagariknetwork.com
2024-10-04,Interviews for SEBON Chairman halted again,https://myrepublica.nagariknetwork.com/news/interviews-for-sebon-chairman-halted-again/,gdelt,gdelt,myrepublica.nagariknetwork.com
2024-10-06,"NEPSE surges by 56 points , Finance sector performs best with 6 % gain",https://thehimalayantimes.com/nepal/nepse-surges-by-56-points-finance-sector-performs-best-with-6-gain,gdelt,gdelt,thehimalayantimes.com
2024-10-24,"NEPSE falls by 18 points , market sentiment remains bearish",https://thehimalayantimes.com/business/nepse-falls-by-18-points-market-sentiment-remains-bearish,gdelt,gdelt,thehimalayantimes.com
2024-10-28,"Stocks crave right policy , not politics",https://kathmandupost.com/columns/2024/10/27/stocks-crave-right-policy-not-politics,gdelt,gdelt,kathmandupost.com
2024-10-28,NEPSE rises 27 points as as Finance lead market gains,https://thehimalayantimes.com/business/nepse-rises-27-points-as-as-finance-lead-market-gains,gdelt,gdelt,thehimalayantimes.com
2024-12-03,NEPSE gains 17 points amid mixed market performance,https://thehimalayantimes.com/business/nepse-gains-17-points-amid-mixed-market-performance,gdelt,gdelt,thehimalayantimes.com
2024-12-09,"NEPSE drops 12 points , daily turnover declines to Rs 5 billion",https://thehimalayantimes.com/business/nepse-drops-12-points-daily-turnover-declines-to-rs-5-billion,gdelt,gdelt,thehimalayantimes.com
2024-12-23,"NEPSE gains 28 points , as daily turnover reach Rs 4 billion",https://thehimalayantimes.com/business/nepse-gains-28-points-as-daily-turnover-reach-rs-4-billion,gdelt,gdelt,thehimalayantimes.com
2024-12-29,"NEPSE drops 21 points , Finance sector declines by 4.47 %",https://thehimalayantimes.com/business/nepse-drops-21-points-finance-sector-declines-by-4,gdelt,gdelt,thehimalayantimes.com
2024-12-31,NEPSE falls 33 points as Finance sector leads with 5.19 % decline,https://thehimalayantimes.com/business/nepse-falls-33-points-as-finance-sector-leads-with-519-decline,gdelt,gdelt,thehimalayantimes.com
2025-01-01,NEPSE gains 5 points as Finance sector rebounds by 3.87 %,https://thehimalayantimes.com/business/nepse-gains-5-points-as-finance-sector-rebounds-by-387,gdelt,gdelt,thehimalayantimes.com
2025-01-05,Nepal Requires Investment Of Rs 6.5 Trillion To Produce 28000 MW Power,https://www.spotlightnepal.com/2025/01/05/nepal-requires-investment-rs-65-trillion-produce-28000-mw-power/,gdelt,gdelt,spotlightnepal.com
2025-01-06,NEPSE gains 49 points as daily turnover reaches Rs 6.3 billion,https://thehimalayantimes.com/business/nepse-gains-49-points-as-daily-turnover-reaches-rs-63-billion,gdelt,gdelt,thehimalayantimes.com
2025-02-18,NEPSE sees modest gain of 12 points,https://thehimalayantimes.com/nepal/nepse-sees-modest-gain-of-12-points,gdelt,gdelt,thehimalayantimes.com
2025-02-27,NEPSE surges by 49.15 points,https://thehimalayantimes.com/business/nepse-surges-by-4915-points,gdelt,gdelt,thehimalayantimes.com
2025-03-02,NEPSE surges by 75 points as multiple sectors gain over 4 %,https://thehimalayantimes.com/business/nepse-surges-by-75-points-as-multiple-sectors-gain-over-4,gdelt,gdelt,thehimalayantimes.com
2025-03-16,"NEPSE declines by 21.63 points , daily turnover drops to Rs 6.83 billion",https://thehimalayantimes.com/business/nepse-declines-by-2163-points-daily-turnover-drops-to-rs-683-billion,gdelt,gdelt,thehimalayantimes.com
2025-03-17,NEPSE declines for second consecutive day this week,https://thehimalayantimes.com/business/nepse-declines-for-second-consecutive-day-this-week,gdelt,gdelt,thehimalayantimes.com
2025-03-23,NEPSE plunges 1.98 % as daily turnover reache Rs 6.3 billion,https://thehimalayantimes.com/business/nepse-plunges-198-as-daily-turnover-reache-rs-63-billion,gdelt,gdelt,thehimalayantimes.com
2025-03-24,NEPSE rebounds with 30.52 - point gain on Monday,https://thehimalayantimes.com/business/nepse-rebounds-with-3052-point-gain-on-monday,gdelt,gdelt,thehimalayantimes.com
2025-03-25,"NEPSE index falls by 58.05 points , trading volume reaches Rs5.18 billion",https://kathmandupost.com/money/2025/03/25/nepse-index-falls-by-58-05-points-trading-volume-reaches-rs5-18-billion,gdelt,gdelt,kathmandupost.com
2025-03-26,"NEPSE index rises by 39.13 points , trading volume declines",https://kathmandupost.com/money/2025/03/26/nepse-index-rises-by-39-13-points-trading-volume-declines,gdelt,gdelt,kathmandupost.com
2025-03-27,"NEPSE index rises by 41.67 points , trading volume increases",https://kathmandupost.com/money/2025/03/27/nepse-index-rises-by-41-67-points-trading-volume-increases,gdelt,gdelt,kathmandupost.com
2025-03-30,"NEPSE continues upward trend , gains 32.24 points",https://thehimalayantimes.com/business/nepse-continues-upward-trend-gains-3224-points,gdelt,gdelt,thehimalayantimes.com
2025-04-01,"NEPSE index falls by 16.95 points , trading volume declines",https://kathmandupost.com/national/2025/04/01/nepse-index-falls-by-16-95-points-trading-volume-declines,gdelt,gdelt,kathmandupost.com
2025-04-08,"NEPSE inches down by 3.44 points , daily turnover also declines",https://thehimalayantimes.com/business/nepse-inches-down-by-344-points-daily-turnover-also-declines,gdelt,gdelt,thehimalayantimes.com
2025-04-09,"NEPSE gains 0.36 %, daily turnover declines further",https://thehimalayantimes.com/business/nepse-gains-036-daily-turnover-declines-further,gdelt,gdelt,thehimalayantimes.com
2025-04-13,"NEPSE dips by 8.84 points , turnover exceeds Rs6.28 billion",https://kathmandupost.com/money/2025/04/13/nepse-dips-by-8-84-points-turnover-exceeds-rs6-28-billion,gdelt,gdelt,kathmandupost.com
2025-04-15,NEPSE surges by over 27 points as trading resumes in new year,https://thehimalayantimes.com/business/nepse-surges-by-over-27-points-as-trading-resumes-in-new-year,gdelt,gdelt,thehimalayantimes.com
2025-04-17,"NEPSE climbs to 2,722 points as daily turnover nears Rs11 billion",https://kathmandupost.com/money/2025/04/17/nepse-climbs-to-2-722-points-as-daily-turnover-nears-rs11-billion,gdelt,gdelt,kathmandupost.com
2025-04-20,Nepse index drops over 16 points,https://kathmandupost.com/money/2025/04/20/nepse-index-drops-over-16-points,gdelt,gdelt,kathmandupost.com
2025-04-21,"NEPSE slides by 7.75 points as trading , finance sectors lead decline",https://thehimalayantimes.com/business/nepse-slides-by-775-points-as-trading-finance-sectors-lead-decline,gdelt,gdelt,thehimalayantimes.com
2025-04-22,Nepse index sheds 9.96 points,https://kathmandupost.com/money/2025/04/22/nepse-index-sheds-9-96-points,gdelt,gdelt,kathmandupost.com
2025-04-24,"NEPSE edges up to 2,658 points amid mixed sector performance",https://kathmandupost.com/money/2025/04/24/nepse-edges-up-to-2-658-points-amid-mixed-sector-performance,gdelt,gdelt,kathmandupost.com
2025-04-27,NEPSE inches up by 3.58 points ; Daily turnover hits Rs 10.87 billion,https://thehimalayantimes.com/business/nepse-inches-up-by-358-points-daily-turnover-hits-rs-1087-billion,gdelt,gdelt,thehimalayantimes.com
2025-05-02,Nepal Capital Market : Some Analysis | New Spotlight Magazine,https://www.spotlightnepal.com/2025/05/02/nepals-capital-market-some-analysis/,gdelt,gdelt,spotlightnepal.com
2025-05-04,NEPSE sheds 3.44 points as trading tops Rs9.24 billion,https://kathmandupost.com/national/2025/05/04/nepse-sheds-3-44-points-as-trading-tops-rs9-24-billion,gdelt,gdelt,kathmandupost.com
2025-05-05,NEPSE drops 9.62 points as turnover dips below Rs8 billion,https://kathmandupost.com/money/2025/05/05/nepse-drops-9-62-points-as-turnover-dips-below-rs8-billion,gdelt,gdelt,kathmandupost.com
2025-05-08,NEPSE slips 12 points after two - day rally,https://kathmandupost.com/money/2025/05/08/nepse-slips-12-points-after-two-day-rally,gdelt,gdelt,kathmandupost.com
2025-05-14,"NEPSE declines for fourth day , index drops 13.96 points",https://kathmandupost.com/money/2025/05/14/nepse-declines-for-fourth-day-index-drops-13-96-points,gdelt,gdelt,kathmandupost.com
2025-05-15,NEPSE sheds 8.41 points amid mixed sectoral performance,https://kathmandupost.com/money/2025/05/15/nepse-sheds-8-41-points-amid-mixed-sectoral-performance,gdelt,gdelt,kathmandupost.com
2025-05-20,NEPSE gains nearly 50 points as all sectors close green,https://thehimalayantimes.com/business/nepse-gains-nearly-50-points-as-all-sectors-close-green,gdelt,gdelt,thehimalayantimes.com
2025-06-03,NEPSE drops by 35.73 points as all subgroups decline,https://kathmandupost.com/money/2025/06/03/nepse-drops-by-35-73-points-as-all-subgroups-decline,gdelt,gdelt,kathmandupost.com
2025-06-04,NEPSE drops by 11.97 points amid broad - based decline,https://kathmandupost.com/money/2025/06/04/nepse-drops-by-11-97-points-amid-broad-based-decline,gdelt,gdelt,kathmandupost.com
2025-07-03,"NEPSE maintains upward momentum , turnover hits Rs9.64 billion",https://kathmandupost.com/money/2025/07/03/nepse-maintains-upward-momentum-turnover-hits-rs9-64-billion,gdelt,gdelt,kathmandupost.com
2025-07-06,NEPSE rises for sixth straight session,https://kathmandupost.com/money/2025/07/06/nepse-rises-for-sixth-straight-session,gdelt,gdelt,kathmandupost.com
2025-07-08,NEPSE remains flat as daily turnover drops to Rs6.57 billion,https://kathmandupost.com/money/2025/07/08/nepse-remains-flat-as-daily-turnover-drops-to-rs6-57-billion,gdelt,gdelt,kathmandupost.com
2025-07-13,NEPSE jumps 29 points as turnover hits Rs11.41 billion,https://kathmandupost.com/money/2025/07/13/nepse-jumps-29-points-as-turnover-hits-rs11-41-billion,gdelt,gdelt,kathmandupost.com
2025-07-13,NEPSE rises by 29 points on first trading day of the week,https://thehimalayantimes.com/business/nepse-rises-by-29-points-on-first-trading-day-of-the-week,gdelt,gdelt,thehimalayantimes.com
2025-07-15,NEPSE rises by double digits as turnover nears Rs9.42 billion,https://kathmandupost.com/money/2025/07/15/nepse-rises-by-double-digits-as-turnover-nears-rs9-42-billion,gdelt,gdelt,kathmandupost.com
2025-07-15,"NEPSE rebounds with 34 - point gain , daily turnover increases to Rs 9.41 billion",https://thehimalayantimes.com/business/nepse-rebounds-with-34-point-gain-daily-turnover-increases-to-rs-941-billion,gdelt,gdelt,thehimalayantimes.com
2025-07-16,"NEPSE surges for second straight day , gains 34 points",https://thehimalayantimes.com/business/nepse-surges-for-second-straight-day-gains-34-points,gdelt,gdelt,thehimalayantimes.com
2025-07-16,NEPSE jumps by over 34 points as daily turnover hits Rs14 billion,https://kathmandupost.com/money/2025/07/16/nepse-jumps-by-over-34-points-as-daily-turnover-hits-rs14-billion,gdelt,gdelt,kathmandupost.com
2025-07-17,"NEPSE surges 75 points to close above 2,870 , all sectors in green",https://thehimalayantimes.com/business/nepse-surges-75-points-to-close-above-2870-all-sectors-in-green,gdelt,gdelt,thehimalayantimes.com
2025-07-17,NEPSE surges by over 75 points as turnover hits record Rs16.59 billion,https://kathmandupost.com/money/2025/07/17/nepse-surges-by-over-75-points-as-turnover-hits-record-rs16-59-billion,gdelt,gdelt,kathmandupost.com
2025-07-21,NEPSE gains 21.76 points on Monday ; Daily Turnover at Rs 16 billion,https://thehimalayantimes.com/business/nepse-gains-2176-points-on-monday-daily-turnover-at-rs-16-billion,gdelt,gdelt,thehimalayantimes.com
2025-07-27,Nepse drops 18.44 points as market opens week on a weak note,https://kathmandupost.com/money/2025/07/27/nepse-drops-18-44-points-as-market-opens-week-on-a-weak-note,gdelt,gdelt,kathmandupost.com
2025-07-29,"NEPSE surges over 30 points , closes above 3,000 mark",https://thehimalayantimes.com/business/nepse-surges-over-30-points-closes-above-3000-mark,gdelt,gdelt,thehimalayantimes.com
2025-07-30,NEPSE falls by nearly 48 points as market slumps on Wednesday,https://thehimalayantimes.com/nepal/nepse-falls-by-nearly-48-points-as-market-slumps-on-wednesday,gdelt,gdelt,thehimalayantimes.com
2025-07-30,Nepse stumbles as development and microfinance stocks falter,https://kathmandupost.com/money/2025/07/30/nepse-stumbles-as-development-and-microfinance-stocks-falter,gdelt,gdelt,kathmandupost.com
2025-07-31,NEPSE dips by 31.50 points on Thursday,https://thehimalayantimes.com/business/nepse-dips-by-3150-points-on-thursday,gdelt,gdelt,thehimalayantimes.com
2025-07-31,Nepse drops by 31 points as market ends week on a low,https://kathmandupost.com/money/2025/07/31/nepse-drops-by-31-points-as-market-ends-week-on-a-low,gdelt,gdelt,kathmandupost.com
2025-08-03,Nepse drops over 63 points as downward trend persists,https://kathmandupost.com/money/2025/08/03/nepse-drops-over-63-points-as-downward-trend-persists,gdelt,gdelt,kathmandupost.com
2025-08-03,"NEPSE plunges 63.73 points , daily turnover drops to Rs 13 billion",https://thehimalayantimes.com/business/nepse-plunges-6373-points-daily-turnover-drops-to-rs-13-billion,gdelt,gdelt,thehimalayantimes.com
2025-08-05,Nepse drops over 41 points as turnover declines to Rs9.33 billion,https://kathmandupost.com/money/2025/08/05/nepse-drops-over-41-points-as-turnover-declines-to-rs9-33-billion,gdelt,gdelt,kathmandupost.com
2025-08-06,"Nepse edges down to 2,832 points as microfinance stocks draw investor interest",https://kathmandupost.com/money/2025/08/06/nepse-edges-down-to-2-832-points-as-microfinance-stocks-draw-investor-interest,gdelt,gdelt,kathmandupost.com
2025-08-07,Nepse climbs 18 points as all sector indices post gains,https://kathmandupost.com/money/2025/08/07/nepse-climbs-18-points-as-all-sector-indices-post-gains,gdelt,gdelt,kathmandupost.com
2025-08-13,Nepse slips over 10 points as turnover declines,https://kathmandupost.com/money/2025/08/13/nepse-slips-over-10-points-as-turnover-declines,gdelt,gdelt,kathmandupost.com
2025-08-14,CIB issues scam alert : Nepse AI app stealing funds,https://thehimalayantimes.com/kathmandu/cib-issues-scam-alert-nepse-ai-app-stealing-funds,gdelt,gdelt,thehimalayantimes.com
2025-08-24,"Nepse falls 18 points , but turnover rises",https://kathmandupost.com/money/2025/08/24/nepse-falls-18-points-but-turnover-rises,gdelt,gdelt,kathmandupost.com
2025-08-25,Nepse climbs 21 points after three - day losing streak,https://kathmandupost.com/money/2025/08/25/nepse-climbs-21-points-after-three-day-losing-streak,gdelt,gdelt,kathmandupost.com
2025-08-25,NEPSE gains 21 points as market closes positive,https://thehimalayantimes.com/business/nepse-gains-21-points-as-market-closes-positive,gdelt,gdelt,thehimalayantimes.com
2025-08-27,Nepse index jumps nearly 2 percent as turnover crosses Rs7.68 billion,https://kathmandupost.com/money/2025/08/27/nepse-index-jumps-nearly-2-percent-as-turnover-crosses-rs7-68-billion,gdelt,gdelt,kathmandupost.com
2025-09-03,Nepse dips 15 points as most sector indices decline,https://kathmandupost.com/money/2025/09/03/nepse-dips-15-points-as-most-sector-indices-decline,gdelt,gdelt,kathmandupost.com
2025-09-11,An enigma called NEPSE : Its performance defies economic logic,https://thehimalayantimes.com/opinion/an-enigma-called-nepse-its-performance-defies-economic-logic,gdelt,gdelt,thehimalayantimes.com
2025-09-18,NEPSE triggers second circuit break as index plunges 5 %,https://thehimalayantimes.com/business/nepse-triggers-second-circuit-break-as-index-plunges-5,gdelt,gdelt,thehimalayantimes.com
2025-09-18,"Nepse plunges 160 points , trading halted",https://kathmandupost.com/money/2025/09/18/nepse-plunges-160-points-trading-halted,gdelt,gdelt,kathmandupost.com
2025-09-20,India Monitors Nepal As Internal Conflict Threatens Stability,https://indiawest.com/india-monitors-nepal-as-internal-conflict-threatens-stability/,gdelt,gdelt,indiawest.com
2025-09-21,NEPSE rebounds 4.4 pc after circuit - breaker shutdown,https://thehimalayantimes.com/business/nepse-rebounds-44-pc-after-circuit-breaker-shutdown,gdelt,gdelt,thehimalayantimes.com
2025-09-21,Nepse rebounds 111.7 points after sharp plunge,https://kathmandupost.com/national/2025/09/21/nepse-rebounds-116-points-after-sharp-plunge,gdelt,gdelt,kathmandupost.com
2025-10-07,NEPSE plunges 58.55 points as all sectors close in red,https://thehimalayantimes.com/business/nepse-plunges-5855-points-as-all-sectors-close-in-red,gdelt,gdelt,thehimalayantimes.com
2025-10-09,Nepse rises by 22 points,https://kathmandupost.com/money/2025/10/09/nepse-rises-by-22-points,gdelt,gdelt,kathmandupost.com
2025-10-12,Nepse plunges nearly 79 points on first trading day of the week,https://kathmandupost.com/money/2025/10/12/nepse-plunges-nearly-79-points-on-first-trading-day-of-the-week,gdelt,gdelt,kathmandupost.com
2025-10-15,Nepse drops 22 points amid decline in trading volume,https://kathmandupost.com/money/2025/10/15/nepse-drops-22-points-amid-decline-in-trading-volume,gdelt,gdelt,kathmandupost.com
2025-10-16,"Nepse falls below 2,500 points as market downturn continues",https://kathmandupost.com/money/2025/10/16/nepse-falls-below-2-500-points-as-market-downturn-continues,gdelt,gdelt,kathmandupost.com
2025-10-30,"Nepse climbs past 2,600 points after 11 trading days",https://kathmandupost.com/money/2025/10/30/nepse-climbs-past-2-600-points-after-11-trading-days,gdelt,gdelt,kathmandupost.com
2025-11-02,"NEPSE opens week on a positive note , as it rises 1.18 %",https://thehimalayantimes.com/business/nepse-opens-week-on-a-positive-note-as-it-rises-118,gdelt,gdelt,thehimalayantimes.com
2025-11-03,Nepse drops by 8.24 points as majority of companies see losses,https://kathmandupost.com/money/2025/11/03/nepse-drops-by-8-24-points-as-majority-of-companies-see-losses,gdelt,gdelt,kathmandupost.com
2025-11-05,Nepse rebounds by 12.17 points after two - day decline,https://kathmandupost.com/money/2025/11/05/nepse-rebounds-by-12-17-points-after-two-day-decline,gdelt,gdelt,kathmandupost.com
2025-11-06,"Nepse dips by 11.29 points , transaction volume rises",https://kathmandupost.com/money/2025/11/06/nepse-dips-by-11-29-points-transaction-volume-rises,gdelt,gdelt,kathmandupost.com
2025-11-09,Nepse plunges 30.02 points,https://kathmandupost.com/money/2025/11/09/nepse-plunges-30-02-points,gdelt,gdelt,kathmandupost.com
2025-11-11,Nepse edges up after three - day decline,https://kathmandupost.com/money/2025/11/11/nepse-edges-up-after-three-day-decline,gdelt,gdelt,kathmandupost.com
2025-11-12,Nepse falls by over 20 points as most stocks decline,https://kathmandupost.com/money/2025/11/12/nepse-falls-by-over-20-points-as-most-stocks-decline,gdelt,gdelt,kathmandupost.com
2025-11-12,NEPSE drops by 20 points amid broad market decline,https://thehimalayantimes.com/business/nepse-drops-by-20-points-amid-broad-market-decline,gdelt,gdelt,thehimalayantimes.com
2025-11-13,Global IME Bank 19th Annual General Meeting Concluded | New Spotlight Magazine,https://www.spotlightnepal.com/2025/11/13/global-ime-banks-19th-annual-general-meeting-concluded/,gdelt,gdelt,spotlightnepal.com
2025-11-16,"Nepse dips by five points , turnover approaches Rs3.9 billion",https://kathmandupost.com/national/2025/11/16/nepse-dips-by-five-points-turnover-approaches-rs3-9-billion,gdelt,gdelt,kathmandupost.com
2025-11-18,Nepse rises by nearly 16 points as market gains momentum,https://kathmandupost.com/money/2025/11/18/nepse-rises-by-nearly-16-points-as-market-gains-momentum,gdelt,gdelt,kathmandupost.com
2025-11-19,"Cabinet announces Rs15,000 cash relief for Gen Z uprising injured",https://kathmandupost.com/national/2025/11/19/cabinet-announces-rs15-000-cash-relief-for-gen-z-uprising-injured,gdelt,gdelt,kathmandupost.com
2025-11-20,Nepse inches down despite surge in daily turnover,https://kathmandupost.com/money/2025/11/20/nepse-inches-down-despite-surge-in-daily-turnover,gdelt,gdelt,kathmandupost.com
2025-11-23,NEPSE gains 39.92 points,https://thehimalayantimes.com/business/nepse-gains-3992-points,gdelt,gdelt,thehimalayantimes.com
2025-11-23,"Nepse jumps to 2,600 as turnover crosses Rs6 billion",https://kathmandupost.com/money/2025/11/23/nepse-jumps-to-2-600-as-turnover-crosses-rs6-billion,gdelt,gdelt,kathmandupost.com
2025-11-30,NEPSE slides nearly 27 points on first trading day of the week,https://thehimalayantimes.com/business/nepse-slides-nearly-27-points-on-first-trading-day-of-the-week,gdelt,gdelt,thehimalayantimes.com
2025-11-30,Nepse drops by 26.51 points as market slips after week - long rally,https://kathmandupost.com/money/2025/11/30/nepse-drops-by-26-51-points-as-market-slips-after-week-long-rally,gdelt,gdelt,kathmandupost.com
2025-12-02,Nepse dips marginally as turnover declines,https://kathmandupost.com/money/2025/12/02/nepse-dips-marginally-as-turnover-declines,gdelt,gdelt,kathmandupost.com
2025-12-03,Nepse index slides as turnover crosses Rs5.23 billion,https://kathmandupost.com/money/2025/12/03/nepse-index-slides-as-turnover-crosses-rs5-23-billion,gdelt,gdelt,kathmandupost.com
2025-12-10,Nepse slips 5.03 points as broader market declines,https://kathmandupost.com/money/2025/12/10/nepse-slips-5-03-points-as-broader-market-declines,gdelt,gdelt,kathmandupost.com
2025-12-21,"Nepse slips below 2,600 on Sunday",https://kathmandupost.com/money/2025/12/21/nepse-slips-below-2-600-on-sunday,gdelt,gdelt,kathmandupost.com
2025-12-23,Nepse edges up after three - day decline,https://kathmandupost.com/money/2025/12/23/nepse-edges-up-after-three-day-decline-1766487094,gdelt,gdelt,kathmandupost.com
2025-12-28,NEPSE gains 47 points as finance sector leads market rally,https://thehimalayantimes.com/business/nepse-gains-47-points-as-finance-sector-leads-market-rally,gdelt,gdelt,thehimalayantimes.com
2025-12-29,Nepse sheds 10.53 points as most sectoral indices decline,https://kathmandupost.com/money/2025/12/29/nepse-sheds-10-53-points-as-most-sectoral-indices-decline,gdelt,gdelt,kathmandupost.com
2026-01-01,Mirage of wealth,https://kathmandupost.com/columns/2026/01/01/mirage-of-wealth,gdelt,gdelt,kathmandupost.com
2026-01-02,The Governor Whisky now available in 180ml bottle,https://kathmandupost.com/money/2026/01/02/the-governor-whisky-now-available-in-180ml-bottle,gdelt,gdelt,kathmandupost.com
2026-01-05,Nepse jumps 28.73 points as all sectoral groups post gains,https://kathmandupost.com/money/2026/01/05/nepse-jumps-28-73-points-as-all-sectoral-groups-post-gains,gdelt,gdelt,kathmandupost.com
2026-01-07,Luxury hotels hit by Gen Z protests face more pressure from spring elections,https://kathmandupost.com/money/2026/01/07/luxury-hotels-hit-by-gen-z-protests-face-more-pressure-from-spring-elections,gdelt,gdelt,kathmandupost.com
2026-01-08,Luxury hotels hit by Nepal Gen Z protests face more pressure from spring elections - Asia News NetworkAsia News Network,https://asianews.network/luxury-hotels-hit-by-nepals-gen-z-protests-face-more-pressure-from-spring-elections/,gdelt,gdelt,asianews.network
2026-01-09,Kathmandu court orders halt to false and misleading reports against Reliance Spinning Mills,https://kathmandupost.com/national/2026/01/09/kathmandu-court-orders-halt-to-false-and-misleading-reports-against-reliance-spinning-mills,gdelt,gdelt,kathmandupost.com
2026-01-12,Nepse slips 5.54 points as turnover rises,https://kathmandupost.com/money/2026/01/12/nepse-slips-5-54-points-as-turnover-rises,gdelt,gdelt,kathmandupost.com
2026-01-13,Nepse edges up nearly five points as turnover increases,https://kathmandupost.com/money/2026/01/13/nepse-edges-up-nearly-five-points-as-turnover-increases,gdelt,gdelt,kathmandupost.com
2026-01-25,NEPSE jumps over 57 points as all sectors close higher,https://thehimalayantimes.com/business/nepse-jumps-over-57-points-as-all-sectors-close-higher,gdelt,gdelt,thehimalayantimes.com
2026-01-27,NEPSE falls 1.53 % as all sectors end in red,https://thehimalayantimes.com/business/nepse-falls-153-as-all-sectors-end-in-red,gdelt,gdelt,thehimalayantimes.com
2026-01-30,"IPO Application Facility via Global IME Bank Global Smart Plu App , Live Market Updates",https://www.spotlightnepal.com/2026/01/30/ipo-application-facility-via-global-ime-banks-global-smart-plus-app-live-market-updates/,gdelt,gdelt,spotlightnepal.com
2026-02-04,Nepse slips marginally as turnover declines,https://kathmandupost.com/money/2026/02/04/nepse-slips-marginally-as-turnover-declines,gdelt,gdelt,kathmandupost.com
2026-02-08,"Nepse drops by double digits , trading volume increases",https://kathmandupost.com/money/2026/02/08/nepse-drops-by-double-digits-trading-volume-increases,gdelt,gdelt,kathmandupost.com
2026-02-11,Nepse posts marginal dip again,https://kathmandupost.com/money/2026/02/11/nepse-posts-marginal-dip-again,gdelt,gdelt,kathmandupost.com
2026-02-22,Nepse drops 27.59 points as all sub - indices close in the red,https://kathmandupost.com/money/2026/02/22/nepse-drops-27-59-points-as-all-sub-indices-close-in-the-red,gdelt,gdelt,kathmandupost.com
2026-02-24,All sectors advance as Nepse posts solid gain,https://kathmandupost.com/money/2026/02/24/all-sectors-advance-as-nepse-posts-solid-gain,gdelt,gdelt,kathmandupost.com
2026-02-25,Nepse rises by double digits as turnover improves,https://kathmandupost.com/money/2026/02/25/nepse-rises-by-double-digits-as-turnover-improves,gdelt,gdelt,kathmandupost.com
2026-03-01,Nepse edges up by double digits,https://kathmandupost.com/money/2026/03/01/nepse-edges-up-by-double-digits,gdelt,gdelt,kathmandupost.com
2026-04-02,"Nepse closes higher at 2,782.18 with Rs 8.81 billion turnover",https://kathmandupost.com/money/2026/04/02/nepse-closes-higher-at-2-782-18-with-rs-8-81-billion-turnover,gdelt,gdelt,kathmandupost.com
2026-04-07,Nepse slips marginally as turnover declines,https://kathmandupost.com/money/2026/04/07/nepse-slips-marginally-as-turnover-declines-1775559038,gdelt,gdelt,kathmandupost.com
2026-04-11,"Manufacturing , hotel and hydropower stocks lead as Nepse gains over 55 points in a week",https://kathmandupost.com/money/2026/04/11/manufacturing-hotel-and-hydropower-stocks-lead-as-nepse-gains-over-55-points-in-a-week,gdelt,gdelt,kathmandupost.com
2026-04-16,Nepse allows round - the - clock order placement as trading rules revised,https://kathmandupost.com/money/2026/04/16/nepse-allows-round-the-clock-order-placement-as-trading-rules-revised,gdelt,gdelt,kathmandupost.com
2026-05-12,"Nepal outlines 7 percent growth ambition under broad reform agenda , challenges remain",https://kathmandupost.com/money/2026/05/12/nepal-outlines-7-percent-growth-ambition-under-broad-reform-agenda-challenges-remain,gdelt,gdelt,kathmandupost.com
2026-05-29,"Budget puts AI , health reform and infrastructure expansion at centre of policy push",https://kathmandupost.com/money/2026/05/29/budget-puts-ai-health-reform-and-infrastructure-expansion-at-centre-of-policy-push,gdelt,gdelt,kathmandupost.com
2026-06-04,Machhapuchchhre Bank Limited 8.25 % right shares listed on NEPSE,https://peoplesreview.com.np/2026/06/04/machhapuchchhre-bank-limiteds-8-25-right-shares-listed-on-nepse/,gdelt,gdelt,peoplesreview.com.np
2026-06-13,Bearish week wipes Rs50 billion off investor wealth as Nepse falls 31 points,https://kathmandupost.com/money/2026/06/13/bearish-week-wipes-rs50-billion-off-investor-wealth-as-nepse-falls-31-points,gdelt,gdelt,kathmandupost.com
2026-06-21,Why Nepal private sector is choosing safety over growth,https://kathmandupost.com/money/2026/06/21/why-nepal-s-private-sector-is-choosing-safety-over-growth,gdelt,gdelt,kathmandupost.com
2026-07-01,Deputy Governor and NBA President Call for Strategic Reforms to Revive Nepal's Economy,https://www.sharesansar.com/newsdetail/deputy-governor-and-nba-president-call-for-strategic-reforms-to-revive-nepals-economy-2026-07-01,economy,sharesansar,sharesansar.com
2026-07-01,Gold Price Falls by Rs. 600 Today; Check Today's Trading Rate,https://www.sharesansar.com/newsdetail/gold-price-falls-by-rs-600-today-check-todays-trading-rate-2026-07-01,economy,sharesansar,sharesansar.com
2026-07-01,"Over 2,100 Vehicles Penalized for Traffic Rule Violations in Kathmandu Valley",https://www.sharesansar.com/newsdetail/over-2100-vehicles-penalized-for-traffic-rule-violations-in-kathmandu-valley-2026-07-01,economy,sharesansar,sharesansar.com
2026-07-01,"Nepal Oil Corporation Cuts Fuel Prices, Petrol Down by Rs 20 per Litre",https://www.sharesansar.com/newsdetail/nepal-oil-corporation-cuts-fuel-prices-petrol-down-by-rs-20-per-litre-2026-07-01,economy,sharesansar,sharesansar.com
2026-07-02,Nepal Records 19.5% Growth in Foreign Tourist Arrivals in June 2026; Surpass Pre-Pandemic Levels,https://www.sharesansar.com/newsdetail/nepal-records-195-growth-in-foreign-tourist-arrivals-in-june-2026-surpass-pre-pandemic-levels-2026-07-02,economy,sharesansar,sharesansar.com
2026-07-02,Gold Sees Upward Movement Today; Check Today's Trading Rate,https://www.sharesansar.com/newsdetail/gold-sees-upward-movement-today-check-todays-trading-rate-2026-07-02,economy,sharesansar,sharesansar.com
2026-07-02,Nepal Oil Corporation Says Fuel Supply and Distribution Issues Resolved,https://www.sharesansar.com/newsdetail/nepal-oil-corporation-says-fuel-supply-and-distribution-issues-resolved-2026-07-02,economy,sharesansar,sharesansar.com
2026-07-03,Nepal Bank Joins NEPALPAY Card Network to Strengthen Digital Payment Services,https://www.sharesansar.com/newsdetail/nepal-bank-joins-nepalpay-card-network-to-strengthen-digital-payment-services-2026-07-03,corporate,sharesansar,sharesansar.com
2026-07-03,Muktinath Bikas Bank Expands CSR Support for Students Through Educational Aid Across Nepal,https://www.sharesansar.com/newsdetail/muktinath-bikas-bank-expands-csr-support-for-students-through-educational-aid-across-nepal-2026-07-03,corporate,sharesansar,sharesansar.com
2026-07-03,Nepali Life Expectancy Hits 71.3 Years as Literacy Climbs to 76.2%,https://www.sharesansar.com/newsdetail/nepali-life-expectancy-hits-713-years-as-literacy-climbs-to-762-2026-07-03,economy,sharesansar,sharesansar.com
2026-07-03,"Gold Continues Upward Trend, Reaches Rs. 290,700 per Tola Today",https://www.sharesansar.com/newsdetail/gold-continues-upward-trend-reaches-rs-290700-per-tola-today-2026-07-03,economy,sharesansar,sharesansar.com
2026-07-05,Gold Falls Moderately by Rs. 400; Check Today's Trading Rate,https://www.sharesansar.com/newsdetail/gold-falls-moderately-by-rs-400-check-todays-trading-rate-2026-07-05,economy,sharesansar,sharesansar.com
2026-07-05,NIC Asia Bank Supports Four Community Schools with Computers and Digital Learning Equipment,https://www.sharesansar.com/newsdetail/nic-asia-bank-supports-four-community-schools-with-computers-and-digital-learning-equipment-2026-07-05,feature,sharesansar,sharesansar.com
2026-07-05,Mahalaxmi Bikas Bank Awards Scholarships to Five Underprivileged Students Under CSR Initiative,https://www.sharesansar.com/newsdetail/mahalaxmi-bikas-bank-awards-scholarships-to-five-underprivileged-students-under-csr-initiative-2026-07-05,feature,sharesansar,sharesansar.com
2026-07-05,Global IME Bank Launches AI-ML Hackathon 2026 to Foster Banking Innovation,https://www.sharesansar.com/newsdetail/global-ime-bank-launches-ai-ml-hackathon-2026-to-foster-banking-innovation-2026-07-05,feature,sharesansar,sharesansar.com
2026-07-05,Citizen Life Insurance Extends CSR Relief to Flood-Affected Families in Kalikot,https://www.sharesansar.com/newsdetail/citizen-life-insurance-extends-csr-relief-to-flood-affected-families-in-kalikot-2026-07-05,feature,sharesansar,sharesansar.com
2026-07-05,TeleTalk Launches POCO M8s 5G and M8 Pro 5G in Nepal with Premium Features,https://www.sharesansar.com/newsdetail/teletalk-launches-poco-m8s-5g-and-m8-pro-5g-in-nepal-with-premium-features-2026-07-05,feature,sharesansar,sharesansar.com
2026-07-05,Nepali Army Starts Trial Production to Revive Hetauda Textile Factory,https://www.sharesansar.com/newsdetail/nepali-army-starts-trial-production-to-revive-hetauda-textile-factory-2026-07-05,feature,sharesansar,sharesansar.com
2026-07-05,FNCCI Submits Monetary Policy Suggestions to Boost Private Sector Confidence,https://www.sharesansar.com/newsdetail/fncci-submits-monetary-policy-suggestions-to-boost-private-sector-confidence-2026-07-05,feature,sharesansar,sharesansar.com
2026-07-05,Nepal SBI Bank Wins Four International Banking Awards from Asian Banking & Finance,https://www.sharesansar.com/newsdetail/nepal-sbi-bank-wins-four-international-banking-awards-from-asian-banking-finance-2026-07-05,feature,sharesansar,sharesansar.com
2026-07-05,Bosch Home Appliances Appoints Asmi Shrestha as Brand Ambassador for Nepal,https://www.sharesansar.com/newsdetail/bosch-home-appliances-appoints-asmi-shrestha-as-brand-ambassador-for-nepal-2026-07-05,feature,sharesansar,sharesansar.com
2026-07-05,Sanima Bank Introduces Nepal's First API-Based Real-Time INR Cross-Border Payment System,https://www.sharesansar.com/newsdetail/sanima-bank-introduces-nepals-first-api-based-real-time-inr-cross-border-payment-system-2026-07-05,feature,sharesansar,sharesansar.com
2026-07-05,A New Energy Discourse for Nepal : From Exporting Electricity to Building an Energy - Powered Economy,https://www.spotlightnepal.com/2026/07/05/new-energy-discourse-nepal-exporting-electricity-building-energy-powered-economy/,gdelt,gdelt,spotlightnepal.com
2026-07-05,Artificial Intelligence Is Reshaping Economies in Transition. Is Nepal Ready to Measure the Change?,https://www.sharesansar.com/newsdetail/artificial-intelligence-is-reshaping-economies-in-transition-is-nepal-ready-to-measure-the-change-2026-07-05,latest,sharesansar,sharesansar.com
